Season,Site,Transect,TH,TH.pct,Bin.Start,Bin.End,Area,M.lugubris,A.spirata,N.emarginata,Native,Ceres,Conus,Max,Olive,Mytilus,Brach,CB,Pollicipes,Tetraclita,Anemone,Algae,Rock
Winter,SC,2,2,1,2.9,3.15,0.25,0,0,0,0,0,0,0,0,0,10,60,0,0,0,0,0
Summer,SC,2,2,1,2.9,3.15,0.25,0,0,0,0,0,0,0,0,0,10,60,0,0,0,0,0
Spring,SC,2,2,1,2.9,3.15,0.25,0,0,0,0,0,0,0,0,0,10,60,0,0,0,0,0
Fall,SC,2,2,1,2.9,3.15,0.25,0,0,0,0,0,0,0,0,0,10,60,0,0,0,0,0
Winter,SC,4,2,1,3.1,3.7,0.6,1,0,0,0,0,0,0,0,0,1,80,0,0,0,1,20
Summer,SC,4,2,1,3.1,3.7,0.6,0,0,0,0,0,0,0,0,0,1,80,0,0,0,1,20
Spring,SC,4,2,1,3.1,3.7,0.6,3,0,0,0,0,0,0,0,0,1,80,0,0,0,1,20
Fall,SC,4,2,1,3.1,3.7,0.6,0,0,0,0,0,0,0,0,0,1,80,0,0,0,1,20
Winter,SC,5,2,1,4.65,4.9,0.25,0,0,0,0,0,0,0,0,0,45,0,0,0,0,0,55
Summer,SC,5,2,1,4.65,4.9,0.25,0,0,0,0,0,0,0,0,0,45,0,0,0,0,0,55
Spring,SC,5,2,1,4.65,4.9,0.25,0,0,0,0,0,0,0,0,0,45,0,0,0,0,0,55
Fall,SC,5,2,1,4.65,4.9,0.25,0,0,0,0,0,0,0,0,0,45,0,0,0,0,0,55
Winter,SH,4,2,1,x,x,6.3,0,0,0,0,0,0,0,0,0,0,20,0,0,0,0,80
Summer,SH,4,2,1,x,x,6.3,0,0,0,0,0,0,0,0,0,0,20,0,0,0,0,80
Spring,SH,4,2,1,x,x,6.3,0,0,0,0,0,0,0,0,0,0,20,0,0,0,0,80
Fall,SH,4,2,1,x,x,6.3,0,0,0,0,0,0,0,0,0,0,20,0,0,0,0,80
Winter,SH,5,2,1,x,x,2.65,0,0,0,0,0,0,0,0,0,0,20,0,0,0,0,80
Summer,SH,5,2,1,x,x,2.65,0,0,0,0,0,0,0,0,0,0,20,0,0,0,0,80
Spring,SH,5,2,1,x,x,2.65,0,0,0,0,0,0,0,0,0,0,20,0,0,0,0,80
Fall,SH,5,2,1,x,x,2.65,0,0,0,0,0,0,0,0,0,0,20,0,0,0,0,80
Winter,HP,1,1.75,1,9.3,9.55,0.25,0,0,0,0,0,0,0,0,0,0,1,0,0,0,75,70
Summer,HP,1,1.75,1,9.3,9.55,0.25,0,0,0,0,0,0,0,0,0,0,1,0,0,0,75,70
Spring,HP,1,1.75,1,9.3,9.55,0.25,0,0,0,0,0,0,0,0,0,0,1,0,0,0,75,70
Fall,HP,1,1.75,1,9.3,9.55,0.25,0,0,0,0,0,0,0,0,0,0,1,0,0,0,75,70
Winter,HP,2,1.75,1,12.3,12.55,0.25,0,0,0,0,0,0,0,0,0,0,5,0,0,0,100,95
Summer,HP,2,1.75,1,12.3,12.55,0.25,0,0,0,0,0,0,0,0,0,0,5,0,0,0,100,95
Spring,HP,2,1.75,1,12.3,12.55,0.25,0,0,0,0,0,0,0,0,0,0,5,0,0,0,100,95
Fall,HP,2,1.75,1,12.3,12.55,0.25,0,0,0,0,0,0,0,0,0,0,5,0,0,0,100,95
Winter,SC,2,1.75,0.875,2.35,2.9,0.55,0,0,0,0,0,0,0,0,2,5,75,0,0,0,5,5
Summer,SC,2,1.75,0.875,2.35,2.9,0.55,0,0,0,0,0,0,0,0,2,5,75,0,0,0,5,5
Spring,SC,2,1.75,0.875,2.35,2.9,0.55,0,0,0,0,0,0,0,0,2,5,75,0,0,0,5,5
Fall,SC,2,1.75,0.875,2.35,2.9,0.55,0,0,0,0,0,0,0,0,2,5,75,0,0,0,5,5
Winter,SC,4,1.75,0.875,2.55,3.1,0.55,0,0,0,0,0,0,0,0,5,10,25,0,0,0,0,60
Summer,SC,4,1.75,0.875,2.55,3.1,0.55,0,0,0,0,0,0,0,0,5,10,25,0,0,0,0,60
Spring,SC,4,1.75,0.875,2.55,3.1,0.55,0,0,0,0,0,0,0,0,5,10,25,0,0,0,0,60
Fall,SC,4,1.75,0.875,2.55,3.1,0.55,0,0,0,0,0,0,0,0,5,10,25,0,0,0,0,60
Winter,SC,5,1.75,0.875,3.15,4.65,1.5,1,0,0,0,0,0,0,0,5,20,40,0,0,0,0,40
Summer,SC,5,1.75,0.875,3.15,4.65,1.5,1,0,0,0,0,0,0,0,5,20,40,0,0,0,0,40
Spring,SC,5,1.75,0.875,3.15,4.65,1.5,1,1,0,1,0,0,0,0,5,20,40,0,0,0,0,40
Fall,SC,5,1.75,0.875,3.15,4.65,1.5,0,0,0,0,0,0,0,0,5,20,40,0,0,0,0,40
Winter,SH,3,1.75,0.875,x,x,3.95,0,0,0,0,0,0,0,0,0,0,90,0,0,0,0,10
Summer,SH,3,1.75,0.875,x,x,3.95,0,0,0,0,0,0,0,0,0,0,90,0,0,0,0,10
Spring,SH,3,1.75,0.875,x,x,3.95,0,0,0,0,0,0,0,0,0,0,90,0,0,0,0,10
Fall,SH,3,1.75,0.875,x,x,3.95,0,0,0,0,0,0,0,0,0,0,90,0,0,0,0,10
Winter,SH,4,1.75,0.875,x,x,0.25,0,0,0,0,0,0,0,0,0,0,70,0,0,0,0,30
Summer,SH,4,1.75,0.875,x,x,0.25,0,0,0,0,0,0,0,0,0,0,70,0,0,0,0,30
Spring,SH,4,1.75,0.875,x,x,0.25,0,0,0,1,0,0,0,0,0,0,70,0,0,0,0,30
Fall,SH,4,1.75,0.875,x,x,0.25,0,0,0,0,0,0,0,0,0,0,70,0,0,0,0,30
Winter,SH,5,1.75,0.875,x,x,0.25,0,0,0,0,0,0,0,0,0,0,30,0,0,0,0,70
Summer,SH,5,1.75,0.875,x,x,0.25,0,0,0,0,0,0,0,0,0,0,30,0,0,0,0,70
Spring,SH,5,1.75,0.875,x,x,0.25,0,0,0,0,0,0,0,0,0,0,30,0,0,0,0,70
Fall,SH,5,1.75,0.875,x,x,0.25,0,0,0,0,0,0,0,0,0,0,30,0,0,0,0,70
Winter,TI,5,1.75,1,3.3,3.7,0.4,0,0,0,0,0,0,0,0,0,0,40,0,0,0,0,60
Summer,TI,5,1.75,1,3.3,3.7,0.4,0,0,0,0,0,0,0,0,0,0,40,0,0,0,0,60
Spring,TI,5,1.75,1,3.3,3.7,0.4,0,0,0,0,0,0,0,0,0,0,40,0,0,0,0,60
Fall,TI,5,1.75,1,3.3,3.7,0.4,0,0,0,0,0,0,0,0,0,0,40,0,0,0,0,60
Winter,TS,1,1.75,1,6.2,9.8,3.6,17,0,0,0,0,0,0,0,5,0,10,0,0,10,20,55
Summer,TS,1,1.75,1,6.2,9.8,3.6,16,0,0,0,0,0,0,0,5,0,10,0,0,10,20,55
Spring,TS,1,1.75,1,6.2,9.8,3.6,19,0,0,0,0,0,0,0,5,0,10,0,0,10,20,55
Fall,TS,1,1.75,1,6.2,9.8,3.6,12,0,0,0,0,0,0,0,5,0,10,0,0,10,20,55
Winter,TS,2,1.75,1,8,10.9,2.9,20,0,0,0,0,0,0,0,0,0,20,0,0,0,1,99
Summer,TS,2,1.75,1,8,10.9,2.9,18,0,0,0,0,0,0,0,0,0,20,0,0,0,1,99
Spring,TS,2,1.75,1,8,10.9,2.9,24,0,0,0,0,0,0,0,0,0,20,0,0,0,1,99
Fall,TS,2,1.75,1,8,10.9,2.9,13,0,0,0,0,0,0,0,0,0,20,0,0,0,1,99
Winter,CC,2,1.5,1,30.8,31.05,0.25,0,0,0,0,0,0,0,0,5,0,50,0,0,10,0,30
Summer,CC,2,1.5,1,30.8,31.05,0.25,0,0,0,0,0,0,0,0,5,0,50,0,0,10,0,30
Spring,CC,2,1.5,1,30.8,31.05,0.25,0,0,0,0,0,0,0,0,5,0,50,0,0,10,0,30
Fall,CC,2,1.5,1,30.8,31.05,0.25,0,0,0,0,0,0,0,0,5,0,50,0,0,10,0,30
Winter,HP,1,1.5,0.857142857,8.9,9.3,0.4,0,0,0,0,0,0,0,0,5,0,10,5,0,0,30,80
Summer,HP,1,1.5,0.857142857,8.9,9.3,0.4,0,0,0,0,0,0,0,0,5,0,10,5,0,0,30,80
Spring,HP,1,1.5,0.857142857,8.9,9.3,0.4,0,0,0,0,0,0,0,0,5,0,10,5,0,0,30,80
Fall,HP,1,1.5,0.857142857,8.9,9.3,0.4,0,0,0,0,0,0,0,0,5,0,10,5,0,0,30,80
Winter,HP,2,1.5,0.857142857,11.3,12.3,1,0,0,0,0,0,0,0,0,0,0,10,0,0,0,0,80
Summer,HP,2,1.5,0.857142857,11.3,12.3,1,0,0,0,0,0,0,0,0,0,0,10,0,0,0,0,80
Spring,HP,2,1.5,0.857142857,11.3,12.3,1,0,0,0,0,0,0,0,0,0,0,10,0,0,0,0,80
Fall,HP,2,1.5,0.857142857,11.3,12.3,1,0,0,0,0,0,0,0,0,0,0,10,0,0,0,0,80
Winter,HP,3,1.5,0.857142857,12.3,12.55,0.25,0,0,0,0,0,0,0,0,0,0,2,0,0,0,100,98
Summer,HP,3,1.5,0.857142857,12.3,12.55,0.25,0,0,0,0,0,0,0,0,0,0,2,0,0,0,100,98
Spring,HP,3,1.5,0.857142857,12.3,12.55,0.25,0,0,0,0,0,0,0,0,0,0,2,0,0,0,100,98
Fall,HP,3,1.5,0.857142857,12.3,12.55,0.25,0,0,0,0,0,0,0,0,0,0,2,0,0,0,100,98
Winter,SC,1,1.5,0.75,3.8,4.05,0.25,0,0,0,0,0,0,0,0,3,10,70,0,0,0,10,15
Summer,SC,1,1.5,0.75,3.8,4.05,0.25,0,0,0,0,0,0,0,0,3,10,70,0,0,0,10,15
Spring,SC,1,1.5,0.75,3.8,4.05,0.25,0,0,0,0,0,0,0,0,3,10,70,0,0,0,10,15
Fall,SC,1,1.5,0.75,3.8,4.05,0.25,0,0,0,0,0,0,0,0,3,10,70,0,0,0,10,15
Winter,SC,2,1.5,0.75,2,2.35,0.35,0,0,0,0,0,0,0,0,5,5,45,10,0,0,0,0
Summer,SC,2,1.5,0.75,2,2.35,0.35,0,0,0,0,0,0,0,0,5,5,45,10,0,0,0,0
Spring,SC,2,1.5,0.75,2,2.35,0.35,0,0,0,0,0,0,0,0,5,5,45,10,0,0,0,0
Fall,SC,2,1.5,0.75,2,2.35,0.35,0,0,0,0,0,0,0,0,5,5,45,10,0,0,0,0
Winter,SC,3,1.5,0.75,5.3,5.6,0.3,3,0,0,0,0,0,0,0,0,5,80,0,0,0,0,30
Summer,SC,3,1.5,0.75,5.3,5.6,0.3,2,0,0,0,0,0,0,0,0,5,80,0,0,0,0,30
Spring,SC,3,1.5,0.75,5.3,5.6,0.3,7,0,0,0,0,0,0,0,0,5,80,0,0,0,0,30
Fall,SC,3,1.5,0.75,5.3,5.6,0.3,0,0,0,0,0,0,0,0,0,5,80,0,0,0,0,30
Winter,SC,4,1.5,0.75,2.25,2.55,0.3,0,0,0,0,0,0,0,0,15,10,10,5,0,0,15,50
Summer,SC,4,1.5,0.75,2.25,2.55,0.3,0,0,0,0,0,0,0,0,15,10,10,5,0,0,15,50
Spring,SC,4,1.5,0.75,2.25,2.55,0.3,0,0,0,0,0,0,0,0,15,10,10,5,0,0,15,50
Fall,SC,4,1.5,0.75,2.25,2.55,0.3,0,0,0,0,0,0,0,0,15,10,10,5,0,0,15,50
Winter,SC,5,1.5,0.75,2.85,3.15,0.3,1,0,0,0,0,0,0,0,5,10,65,0,1,0,0,30
Summer,SC,5,1.5,0.75,2.85,3.15,0.3,0,0,0,0,0,0,0,0,5,10,65,0,1,0,0,30
Spring,SC,5,1.5,0.75,2.85,3.15,0.3,2,0,0,0,0,0,0,0,5,10,65,0,1,0,0,30
Fall,SC,5,1.5,0.75,2.85,3.15,0.3,0,0,0,0,0,0,0,0,5,10,65,0,1,0,0,30
Winter,SH,3,1.5,0.75,x,x,0.45,0,0,0,0,0,0,0,0,0,0,60,0,0,0,0,40
Summer,SH,3,1.5,0.75,x,x,0.45,0,0,0,0,0,0,0,0,0,0,60,0,0,0,0,40
Spring,SH,3,1.5,0.75,x,x,0.45,0,0,0,0,0,0,0,0,0,0,60,0,0,0,0,40
Fall,SH,3,1.5,0.75,x,x,0.45,0,0,0,0,0,0,0,0,0,0,60,0,0,0,0,40
Winter,SH,4,1.5,0.75,x,x,0.25,0,0,0,0,0,0,0,0,0,8,85,0,0,0,2,13
Summer,SH,4,1.5,0.75,x,x,0.25,0,0,0,0,0,0,0,0,0,8,85,0,0,0,2,13
Spring,SH,4,1.5,0.75,x,x,0.25,0,0,0,0,0,0,0,0,0,8,85,0,0,0,2,13
Fall,SH,4,1.5,0.75,x,x,0.25,0,0,0,0,0,0,0,0,0,8,85,0,0,0,2,13
Winter,SH,5,1.5,0.75,x,x,0.3,0,0,0,0,0,0,0,0,0,0,30,0,0,0,0,70
Summer,SH,5,1.5,0.75,x,x,0.3,0,0,0,0,0,0,0,0,0,0,30,0,0,0,0,70
Spring,SH,5,1.5,0.75,x,x,0.3,0,0,0,0,0,0,0,0,0,0,30,0,0,0,0,70
Fall,SH,5,1.5,0.75,x,x,0.3,0,0,0,0,0,0,0,0,0,0,30,0,0,0,0,70
Winter,TI,1,1.5,0.857142857,3,8.3,5.3,1,0,0,0,0,0,0,0,1,1,20,5,5,0,5,70
Summer,TI,1,1.5,0.857142857,3,8.3,5.3,2,0,0,0,0,0,0,0,1,1,20,5,5,0,5,70
Spring,TI,1,1.5,0.857142857,3,8.3,5.3,6,0,0,0,0,0,0,0,1,1,20,5,5,0,5,70
Fall,TI,1,1.5,0.857142857,3,8.3,5.3,0,0,0,0,0,0,0,0,1,1,20,5,5,0,5,70
Winter,TI,2,1.5,0.857142857,3.75,9,5.25,0,0,0,0,0,0,0,0,15,0,0,0,5,0,80,10
Summer,TI,2,1.5,0.857142857,3.75,9,5.25,0,0,0,0,0,0,0,0,15,0,0,0,5,0,80,10
Spring,TI,2,1.5,0.857142857,3.75,9,5.25,0,0,0,0,0,0,0,0,15,0,0,0,5,0,80,10
Fall,TI,2,1.5,0.857142857,3.75,9,5.25,0,0,0,0,0,0,0,0,15,0,0,0,5,0,80,10
Winter,TI,5,1.5,0.857142857,2.75,3.3,0.55,0,0,0,0,0,0,0,0,0,0,25,0,0,0,0,60
Summer,TI,5,1.5,0.857142857,2.75,3.3,0.55,0,0,0,0,0,0,0,0,0,0,25,0,0,0,0,60
Spring,TI,5,1.5,0.857142857,2.75,3.3,0.55,0,0,0,0,0,0,0,0,0,0,25,0,0,0,0,60
Fall,TI,5,1.5,0.857142857,2.75,3.3,0.55,0,0,0,0,0,0,0,0,0,0,25,0,0,0,0,60
Winter,TS,1,1.5,0.857142857,4.6,6.2,1.6,19,0,0,0,0,0,0,0,50,0,5,0,0,0,10,20
Summer,TS,1,1.5,0.857142857,4.6,6.2,1.6,17,0,0,0,0,0,0,0,50,0,5,0,0,0,10,20
Spring,TS,1,1.5,0.857142857,4.6,6.2,1.6,21,0,0,0,0,0,0,0,50,0,5,0,0,0,10,20
Fall,TS,1,1.5,0.857142857,4.6,6.2,1.6,12,0,0,0,0,0,0,0,50,0,5,0,0,0,10,20
Winter,TS,2,1.5,0.857142857,7.2,8,0.8,2,0,0,0,0,0,0,0,10,1,20,0,0,0,15,80
Summer,TS,2,1.5,0.857142857,7.2,8,0.8,1,0,0,0,0,0,0,0,10,1,20,0,0,0,15,80
Spring,TS,2,1.5,0.857142857,7.2,8,0.8,4,0,0,0,0,0,0,0,10,1,20,0,0,0,15,80
Fall,TS,2,1.5,0.857142857,7.2,8,0.8,0,0,0,0,0,0,0,0,10,1,20,0,0,0,15,80
Winter,TS,3,1.5,0.857142857,9.3,9.95,0.65,1,0,0,0,0,0,0,0,10,2,20,10,0,0,0,70
Summer,TS,3,1.5,0.857142857,9.3,9.95,0.65,0,0,0,0,0,0,0,0,10,2,20,10,0,0,0,70
Spring,TS,3,1.5,0.857142857,9.3,9.95,0.65,3,0,0,0,0,0,0,0,10,2,20,10,0,0,0,70
Fall,TS,3,1.5,0.857142857,9.3,9.95,0.65,0,0,0,0,0,0,0,0,10,2,20,10,0,0,0,70
Winter,TS,4,1.5,0.857142857,11.25,11.6,0.35,1,0,0,0,0,0,0,0,25,1,2,10,0,0,0,70
Summer,TS,4,1.5,0.857142857,11.25,11.6,0.35,1,0,0,0,0,0,0,0,25,1,2,10,0,0,0,70
Spring,TS,4,1.5,0.857142857,11.25,11.6,0.35,2,0,0,0,0,0,0,0,25,1,2,10,0,0,0,70
Fall,TS,4,1.5,0.857142857,11.25,11.6,0.35,0,0,0,0,0,0,0,0,25,1,2,10,0,0,0,70
Winter,CC,1,1.25,0.833333333,23.45,23.7,0.25,0,0,0,0,0,0,0,0,10,3,85,10,0,10,0,10
Summer,CC,1,1.25,0.833333333,23.45,23.7,0.25,0,0,0,0,0,0,0,0,10,3,85,10,0,10,0,10
Spring,CC,1,1.25,0.833333333,23.45,23.7,0.25,0,0,0,0,0,0,0,0,10,3,85,10,0,10,0,10
Fall,CC,1,1.25,0.833333333,23.45,23.7,0.25,0,0,0,0,0,0,0,0,10,3,85,10,0,10,0,10
Winter,CC,2,1.25,0.833333333,20,30.8,10.8,0,0,0,0,0,0,0,0,2,5,80,0,0,2,0,5
Summer,CC,2,1.25,0.833333333,20,30.8,10.8,0,0,0,0,0,0,0,0,2,5,80,0,0,2,0,5
Spring,CC,2,1.25,0.833333333,20,30.8,10.8,0,0,0,0,0,0,0,0,2,5,80,0,0,2,0,5
Fall,CC,2,1.25,0.833333333,20,30.8,10.8,0,0,0,0,0,0,0,0,2,5,80,0,0,2,0,5
Winter,DP,2,1.25,1,4.05,5.8,1.75,0,0,0,0,0,0,0,0,30,0,70,5,5,0,20,0
Summer,DP,2,1.25,1,4.05,5.8,1.75,0,0,0,0,0,0,0,0,30,0,70,5,5,0,20,0
Spring,DP,2,1.25,1,4.05,5.8,1.75,0,0,0,0,1,0,0,0,30,0,70,5,5,0,20,0
Fall,DP,2,1.25,1,4.05,5.8,1.75,0,0,0,0,0,0,0,0,30,0,70,5,5,0,20,0
Winter,HP,1,1.25,0.714285714,8.2,8.9,0.7,0,0,0,0,0,0,0,0,0,0,10,0,0,0,0,90
Summer,HP,1,1.25,0.714285714,8.2,8.9,0.7,0,0,0,0,0,0,0,0,0,0,10,0,0,0,0,90
Spring,HP,1,1.25,0.714285714,8.2,8.9,0.7,0,0,0,0,0,0,0,0,0,0,10,0,0,0,0,90
Fall,HP,1,1.25,0.714285714,8.2,8.9,0.7,0,0,0,0,0,0,0,0,0,0,10,0,0,0,0,90
Winter,HP,2,1.25,0.714285714,8.1,11.3,3.2,0,0,0,0,0,0,0,0,0,0,10,0,0,0,0,90
Summer,HP,2,1.25,0.714285714,8.1,11.3,3.2,1,0,0,0,0,0,0,0,0,0,10,0,0,0,0,90
Spring,HP,2,1.25,0.714285714,8.1,11.3,3.2,0,0,0,0,0,0,0,0,0,0,10,0,0,0,0,90
Fall,HP,2,1.25,0.714285714,8.1,11.3,3.2,0,0,0,0,0,0,0,0,0,0,10,0,0,0,0,90
Winter,HP,3,1.25,0.714285714,11.95,12.3,0.35,1,0,0,0,0,0,0,0,0,0,15,0,0,0,0,0
Summer,HP,3,1.25,0.714285714,11.95,12.3,0.35,0,0,0,0,0,0,0,0,0,0,15,0,0,0,0,0
Spring,HP,3,1.25,0.714285714,11.95,12.3,0.35,0,0,0,0,0,0,0,0,0,0,15,0,0,0,0,0
Fall,HP,3,1.25,0.714285714,11.95,12.3,0.35,0,0,0,0,0,0,0,0,0,0,15,0,0,0,0,0
Winter,HP,4,1.25,0.714285714,14.1,14.35,0.25,0,0,0,0,0,0,0,0,0,0,5,0,0,0,0,90
Summer,HP,4,1.25,0.714285714,14.1,14.35,0.25,0,0,0,0,0,0,0,0,0,0,5,0,0,0,0,90
Spring,HP,4,1.25,0.714285714,14.1,14.35,0.25,0,0,0,0,0,0,0,0,0,0,5,0,0,0,0,90
Fall,HP,4,1.25,0.714285714,14.1,14.35,0.25,0,0,0,0,0,0,0,0,0,0,5,0,0,0,0,90
Winter,SC,1,1.25,0.625,3.05,3.8,0.75,0,0,0,0,0,0,0,0,10,2,30,5,0,0,10,45
Summer,SC,1,1.25,0.625,3.05,3.8,0.75,0,0,0,0,0,0,0,0,10,2,30,5,0,0,10,45
Spring,SC,1,1.25,0.625,3.05,3.8,0.75,0,0,0,0,0,0,0,0,10,2,30,5,0,0,10,45
Fall,SC,1,1.25,0.625,3.05,3.8,0.75,0,0,0,0,0,0,0,0,10,2,30,5,0,0,10,45
Winter,SC,2,1.25,0.625,1.7,2,0.3,0,0,0,0,0,0,0,0,5,1,70,10,0,0,5,5
Summer,SC,2,1.25,0.625,1.7,2,0.3,0,0,0,0,0,0,0,0,5,1,70,10,0,0,5,5
Spring,SC,2,1.25,0.625,1.7,2,0.3,0,0,0,0,0,0,0,0,5,1,70,10,0,0,5,5
Fall,SC,2,1.25,0.625,1.7,2,0.3,0,0,0,0,0,0,0,0,5,1,70,10,0,0,5,5
Winter,SC,3,1.25,0.625,5,5.3,0.3,2,0,0,0,0,0,0,0,5,0,25,10,0,0,5,60
Summer,SC,3,1.25,0.625,5,5.3,0.3,1,0,0,0,0,0,0,0,5,0,25,10,0,0,5,60
Spring,SC,3,1.25,0.625,5,5.3,0.3,2,0,0,0,0,0,0,0,5,0,25,10,0,0,5,60
Fall,SC,3,1.25,0.625,5,5.3,0.3,0,0,0,0,0,0,0,0,5,0,25,10,0,0,5,60
Winter,SC,4,1.25,0.625,1.8,2.25,0.45,1,0,0,0,0,0,0,0,5,5,25,1,0,0,15,50
Summer,SC,4,1.25,0.625,1.8,2.25,0.45,0,0,0,0,0,0,0,0,5,5,25,1,0,0,15,50
Spring,SC,4,1.25,0.625,1.8,2.25,0.45,1,0,0,0,0,0,0,0,5,5,25,1,0,0,15,50
Fall,SC,4,1.25,0.625,1.8,2.25,0.45,0,0,0,0,0,0,0,0,5,5,25,1,0,0,15,50
Winter,SC,5,1.25,0.625,2.55,2.85,0.3,0,0,0,0,0,0,0,0,10,3,15,5,2,0,0,85
Summer,SC,5,1.25,0.625,2.55,2.85,0.3,0,0,0,0,0,0,0,0,10,3,15,5,2,0,0,85
Spring,SC,5,1.25,0.625,2.55,2.85,0.3,0,0,0,0,0,0,0,0,10,3,15,5,2,0,0,85
Fall,SC,5,1.25,0.625,2.55,2.85,0.3,0,0,0,0,0,0,0,0,10,3,15,5,2,0,0,85
Winter,SH,1,1.25,0.625,x,x,1.7,0,1,0,1,0,0,0,0,0,1,75,0,0,0,0,25
Summer,SH,1,1.25,0.625,x,x,1.7,0,0,0,0,0,0,0,0,0,1,75,0,0,0,0,25
Spring,SH,1,1.25,0.625,x,x,1.7,0,1,0,1,0,0,0,0,0,1,75,0,0,0,0,25
Fall,SH,1,1.25,0.625,x,x,1.7,0,0,0,0,0,0,0,0,0,1,75,0,0,0,0,25
Winter,SH,2,1.25,0.625,x,x,0.7,0,0,0,0,0,0,0,0,5,2,80,5,1,0,1,10
Summer,SH,2,1.25,0.625,x,x,0.7,0,0,0,0,0,0,0,0,5,2,80,5,1,0,1,10
Spring,SH,2,1.25,0.625,x,x,0.7,0,0,0,0,0,0,0,0,5,2,80,5,1,0,1,10
Fall,SH,2,1.25,0.625,x,x,0.7,0,0,0,0,0,0,0,0,5,2,80,5,1,0,1,10
Winter,SH,3,1.25,0.625,x,x,0.6,0,0,0,0,0,0,0,0,1,0,95,0,0,0,0,5
Summer,SH,3,1.25,0.625,x,x,0.6,0,0,0,0,0,0,0,0,1,0,95,0,0,0,0,5
Spring,SH,3,1.25,0.625,x,x,0.6,0,0,0,0,0,0,0,0,1,0,95,0,0,0,0,5
Fall,SH,3,1.25,0.625,x,x,0.6,0,0,0,0,0,0,0,0,1,0,95,0,0,0,0,5
Winter,SH,4,1.25,0.625,x,x,0.4,0,0,0,0,0,0,0,0,0,1,90,0,0,0,4,10
Summer,SH,4,1.25,0.625,x,x,0.4,0,0,0,0,0,0,0,0,0,1,90,0,0,0,4,10
Spring,SH,4,1.25,0.625,x,x,0.4,0,0,0,0,0,0,0,0,0,1,90,0,0,0,4,10
Fall,SH,4,1.25,0.625,x,x,0.4,0,0,0,0,0,0,0,0,0,1,90,0,0,0,4,10
Winter,SH,5,1.25,0.625,x,x,0.4,0,0,0,0,0,0,0,0,0,0,50,0,0,0,0,50
Summer,SH,5,1.25,0.625,x,x,0.4,0,0,0,0,0,0,0,0,0,0,50,0,0,0,0,50
Spring,SH,5,1.25,0.625,x,x,0.4,0,0,0,0,0,0,0,0,0,0,50,0,0,0,0,50
Fall,SH,5,1.25,0.625,x,x,0.4,0,0,0,0,0,0,0,0,0,0,50,0,0,0,0,50
Winter,TI,1,1.25,0.714285714,2.5,3,0.5,0,0,0,0,0,0,0,0,0,0,20,5,5,0,0,70
Summer,TI,1,1.25,0.714285714,2.5,3,0.5,0,0,0,0,0,0,0,0,0,0,20,5,5,0,0,70
Spring,TI,1,1.25,0.714285714,2.5,3,0.5,0,0,0,0,0,0,0,0,0,0,20,5,5,0,0,70
Fall,TI,1,1.25,0.714285714,2.5,3,0.5,0,0,0,0,0,0,0,0,0,0,20,5,5,0,0,70
Winter,TI,2,1.25,0.714285714,3.2,3.75,0.55,0,0,0,0,0,0,0,0,50,0,5,2,0,0,80,0
Summer,TI,2,1.25,0.714285714,3.2,3.75,0.55,1,0,0,0,0,0,0,0,50,0,5,2,0,0,80,0
Spring,TI,2,1.25,0.714285714,3.2,3.75,0.55,2,0,0,0,0,0,0,0,50,0,5,2,0,0,80,0
Fall,TI,2,1.25,0.714285714,3.2,3.75,0.55,0,0,0,0,0,0,0,0,50,0,5,2,0,0,80,0
Winter,TI,4,1.25,0.714285714,5.9,8.3,2.4,7,1,0,1,0,0,0,0,0,0,25,0,0,0,2,90
Summer,TI,4,1.25,0.714285714,5.9,8.3,2.4,4,0,0,0,0,0,0,0,0,0,25,0,0,0,2,90
Spring,TI,4,1.25,0.714285714,5.9,8.3,2.4,10,1,0,1,1,0,0,0,0,0,25,0,0,0,2,90
Fall,TI,4,1.25,0.714285714,5.9,8.3,2.4,1,0,0,0,0,0,0,0,0,0,25,0,0,0,2,90
Winter,TI,5,1.25,0.714285714,2.3,2.75,0.45,0,0,0,0,0,0,0,0,0,0,5,0,0,0,0,75
Summer,TI,5,1.25,0.714285714,2.3,2.75,0.45,0,0,0,0,0,0,0,0,0,0,5,0,0,0,0,75
Spring,TI,5,1.25,0.714285714,2.3,2.75,0.45,0,0,0,0,0,0,0,0,0,0,5,0,0,0,0,75
Fall,TI,5,1.25,0.714285714,2.3,2.75,0.45,0,0,0,0,0,0,0,0,0,0,5,0,0,0,0,75
Winter,TS,1,1.25,0.714285714,3.3,4.6,1.3,6,0,0,0,0,0,0,0,60,0,0,25,0,10,20,0
Summer,TS,1,1.25,0.714285714,3.3,4.6,1.3,5,0,0,0,0,0,0,0,60,0,0,25,0,10,20,0
Spring,TS,1,1.25,0.714285714,3.3,4.6,1.3,11,0,0,0,0,0,0,0,60,0,0,25,0,10,20,0
Fall,TS,1,1.25,0.714285714,3.3,4.6,1.3,3,0,0,0,0,0,0,0,60,0,0,25,0,10,20,0
Winter,TS,2,1.25,0.714285714,6.25,7.2,1.95,19,0,0,0,0,0,0,0,80,0,5,10,0,0,10,20
Summer,TS,2,1.25,0.714285714,6.25,7.2,1.95,13,0,0,0,0,0,0,0,80,0,5,10,0,0,10,20
Spring,TS,2,1.25,0.714285714,6.25,7.2,1.95,25,0,0,0,0,0,0,0,80,0,5,10,0,0,10,20
Fall,TS,2,1.25,0.714285714,6.25,7.2,1.95,9,0,0,0,0,0,0,0,80,0,5,10,0,0,10,20
Winter,TS,3,1.25,0.714285714,8.9,9.3,1.4,10,0,0,0,0,0,0,0,75,0,15,5,0,0,0,20
Summer,TS,3,1.25,0.714285714,8.9,9.3,1.4,9,0,0,0,0,0,0,0,75,0,15,5,0,0,0,20
Spring,TS,3,1.25,0.714285714,8.9,9.3,1.4,12,2,0,2,0,0,0,0,75,0,15,5,0,0,0,20
Fall,TS,3,1.25,0.714285714,8.9,9.3,1.4,4,0,0,0,0,0,0,0,75,0,15,5,0,0,0,20
Winter,TS,4,1.25,0.714285714,9.2,11.25,2.05,14,0,0,0,0,0,0,0,75,0,0,1,0,5,15,0
Summer,TS,4,1.25,0.714285714,9.2,11.25,2.05,11,0,0,0,0,0,0,0,75,0,0,1,0,5,15,0
Spring,TS,4,1.25,0.714285714,9.2,11.25,2.05,16,1,0,1,0,0,0,0,75,0,0,1,0,5,15,0
Fall,TS,4,1.25,0.714285714,9.2,11.25,2.05,9,0,0,0,0,0,0,0,75,0,0,1,0,5,15,0
Winter,TS,5,1.25,0.714285714,7.3,11.05,3.75,38,0,0,0,0,0,0,0,45,1,5,0,0,0,5,35
Summer,TS,5,1.25,0.714285714,7.3,11.05,3.75,33,0,0,0,0,0,0,0,45,1,5,0,0,0,5,35
Spring,TS,5,1.25,0.714285714,7.3,11.05,3.75,43,0,0,0,0,0,0,0,45,1,5,0,0,0,5,35
Fall,TS,5,1.25,0.714285714,7.3,11.05,3.75,34,0,0,0,0,0,0,0,45,1,5,0,0,0,5,35
Winter,CC,1,1,0.666666667,8.9,23.45,14.55,0,21,10,31,0,0,1,0,100,0,30,20,1,0,4,0
Summer,CC,1,1,0.666666667,8.9,23.45,14.55,0,19,11,30,0,1,0,0,100,0,30,20,1,0,4,0
Spring,CC,1,1,0.666666667,8.9,23.45,14.55,0,26,8,34,0,0,1,0,100,0,30,20,1,0,4,0
Fall,CC,1,1,0.666666667,8.9,23.45,14.55,0,15,3,18,0,0,0,0,100,0,30,20,1,0,4,0
Winter,CC,2,1,0.666666667,11.7,20,8.3,0,1,0,1,1,0,0,0,30,0,20,30,0,5,2,0
Summer,CC,2,1,0.666666667,11.7,20,8.3,0,1,0,1,0,0,0,0,30,0,20,30,0,5,2,0
Spring,CC,2,1,0.666666667,11.7,20,8.3,0,2,0,2,0,0,0,0,30,0,20,30,0,5,2,0
Fall,CC,2,1,0.666666667,11.7,20,8.3,0,0,0,0,0,0,0,0,30,0,20,30,0,5,2,0
Winter,CC,3,1,0.666666667,19.55,19.8,0.25,0,0,0,0,0,0,0,0,5,1,80,15,1,10,0,15
Summer,CC,3,1,0.666666667,19.55,19.8,0.25,0,0,0,0,0,0,0,0,5,1,80,15,1,10,0,15
Spring,CC,3,1,0.666666667,19.55,19.8,0.25,0,0,0,0,0,0,0,0,5,1,80,15,1,10,0,15
Fall,CC,3,1,0.666666667,19.55,19.8,0.25,0,0,0,0,0,0,0,0,5,1,80,15,1,10,0,15
Winter,CC,5,1,0.666666667,14.6,14.85,0.25,0,0,0,0,0,0,0,0,5,10,80,25,0,0,0,15
Summer,CC,5,1,0.666666667,14.6,14.85,0.25,0,0,0,0,0,0,0,0,5,10,80,25,0,0,0,15
Spring,CC,5,1,0.666666667,14.6,14.85,0.25,0,0,0,0,0,0,0,0,5,10,80,25,0,0,0,15
Fall,CC,5,1,0.666666667,14.6,14.85,0.25,0,0,0,0,0,0,0,0,5,10,80,25,0,0,0,15
Winter,DP,2,1,0.8,2.3,4.05,1.75,0,2,0,2,0,0,0,0,95,0,10,2,2,0,0,3
Summer,DP,2,1,0.8,2.3,4.05,1.75,0,1,0,1,0,0,0,0,95,0,10,2,2,0,0,3
Spring,DP,2,1,0.8,2.3,4.05,1.75,0,1,1,2,0,0,0,0,95,0,10,2,2,0,0,3
Fall,DP,2,1,0.8,2.3,4.05,1.75,0,1,0,1,0,0,0,0,95,0,10,2,2,0,0,3
Winter,DP,3,1,0.6,1.4,6.55,5.15,0,0,0,0,0,0,0,0,7,1,90,0,0,0,0,3
Summer,DP,3,1,0.6,1.4,6.55,5.15,0,0,2,2,0,0,0,0,7,1,90,0,0,0,0,3
Spring,DP,3,1,0.6,1.4,6.55,5.15,0,0,0,0,0,0,0,0,7,1,90,0,0,0,0,3
Fall,DP,3,1,0.6,1.4,6.55,5.15,0,0,0,0,0,0,0,0,7,1,90,0,0,0,0,3
Winter,DP,4,1,0.8,2.3,5,2.7,0,2,0,2,0,0,0,0,95,0,15,0,0,0,0,2
Summer,DP,4,1,0.8,2.3,5,2.7,0,1,1,2,0,0,0,0,95,0,15,0,0,0,0,2
Spring,DP,4,1,0.8,2.3,5,2.7,0,1,6,7,0,0,0,0,95,0,15,0,0,0,0,2
Fall,DP,4,1,0.8,2.3,5,2.7,0,0,0,0,1,0,0,0,95,0,15,0,0,0,0,2
Winter,HP,1,1,0.571428571,7.4,8.2,0.8,0,0,0,0,0,0,0,0,0,0,10,0,10,0,40,50
Summer,HP,1,1,0.571428571,7.4,8.2,0.8,0,0,0,0,0,0,0,0,0,0,10,0,10,0,40,50
Spring,HP,1,1,0.571428571,7.4,8.2,0.8,0,0,0,0,0,0,0,0,0,0,10,0,10,0,40,50
Fall,HP,1,1,0.571428571,7.4,8.2,0.8,0,0,0,0,0,0,0,0,0,0,10,0,10,0,40,50
Winter,HP,2,1,0.571428571,7.5,8.1,0.6,0,0,0,0,0,0,0,0,0,0,10,0,0,0,0,90
Summer,HP,2,1,0.571428571,7.5,8.1,0.6,0,0,0,0,0,0,0,0,0,0,10,0,0,0,0,90
Spring,HP,2,1,0.571428571,7.5,8.1,0.6,0,0,0,0,0,0,0,0,0,0,10,0,0,0,0,90
Fall,HP,2,1,0.571428571,7.5,8.1,0.6,0,0,0,0,0,0,0,0,0,0,10,0,0,0,0,90
Winter,HP,3,1,0.571428571,11.8,11.95,0.15,0,0,0,0,0,0,0,0,0,0,60,0,0,0,85,0
Summer,HP,3,1,0.571428571,11.8,11.95,0.15,0,0,0,0,0,0,0,0,0,0,60,0,0,0,85,0
Spring,HP,3,1,0.571428571,11.8,11.95,0.15,0,0,0,0,0,0,0,0,0,0,60,0,0,0,85,0
Fall,HP,3,1,0.571428571,11.8,11.95,0.15,0,0,0,0,0,0,0,0,0,0,60,0,0,0,85,0
Winter,HP,4,1,0.571428571,12.8,14.1,1.3,0,0,0,0,0,0,0,0,0,0,5,0,5,0,2,80
Summer,HP,4,1,0.571428571,12.8,14.1,1.3,0,0,0,0,0,0,1,0,0,0,5,0,5,0,2,80
Spring,HP,4,1,0.571428571,12.8,14.1,1.3,0,0,0,0,0,0,0,0,0,0,5,0,5,0,2,80
Fall,HP,4,1,0.571428571,12.8,14.1,1.3,0,0,0,0,0,0,0,0,0,0,5,0,5,0,2,80
Winter,LC,1,1,1,5.8,6.05,0.25,0,0,0,0,0,0,0,0,10,1,5,0,5,5,40,40
Summer,LC,1,1,1,5.8,6.05,0.25,0,0,0,0,0,0,0,0,10,1,5,0,5,5,40,40
Spring,LC,1,1,1,5.8,6.05,0.25,0,0,0,0,0,0,1,0,10,1,5,0,5,5,40,40
Fall,LC,1,1,1,5.8,6.05,0.25,0,0,0,0,0,0,0,0,10,1,5,0,5,5,40,40
Winter,LC,4,1,1,3.35,5.25,1.9,0,0,0,0,0,0,0,0,30,0,10,10,10,0,15,50
Summer,LC,4,1,1,3.35,5.25,1.9,0,0,0,0,0,0,0,0,30,0,10,10,10,0,15,50
Spring,LC,4,1,1,3.35,5.25,1.9,0,0,0,0,0,0,1,0,30,0,10,10,10,0,15,50
Fall,LC,4,1,1,3.35,5.25,1.9,0,0,0,0,0,0,0,0,30,0,10,10,10,0,15,50
Winter,LC,5,1,1,1.5,4.1,2.6,0,0,0,0,0,0,0,0,20,0,1,1,5,0,70,10
Summer,LC,5,1,1,1.5,4.1,2.6,0,0,0,0,0,0,0,0,20,0,1,1,5,0,70,10
Spring,LC,5,1,1,1.5,4.1,2.6,0,0,0,0,0,0,0,1,20,0,1,1,5,0,70,10
Fall,LC,5,1,1,1.5,4.1,2.6,0,0,0,0,0,0,0,0,20,0,1,1,5,0,70,10
Winter,SC,1,1,0.5,1.6,3.05,1.45,0,0,0,0,0,0,0,0,0,10,85,0,0,0,0,65
Summer,SC,1,1,0.5,1.6,3.05,1.45,0,0,0,0,0,0,0,0,0,10,85,0,0,0,0,65
Spring,SC,1,1,0.5,1.6,3.05,1.45,0,0,0,0,0,0,0,0,0,10,85,0,0,0,0,65
Fall,SC,1,1,0.5,1.6,3.05,1.45,0,0,0,0,0,0,0,0,0,10,85,0,0,0,0,65
Winter,SC,2,1,0.5,1.3,1.7,0.4,1,0,0,0,0,0,0,0,10,0,30,15,0,5,15,60
Summer,SC,2,1,0.5,1.3,1.7,0.4,0,0,0,0,0,0,0,0,10,0,30,15,0,5,15,60
Spring,SC,2,1,0.5,1.3,1.7,0.4,1,0,0,0,0,0,0,0,10,0,30,15,0,5,15,60
Fall,SC,2,1,0.5,1.3,1.7,0.4,0,0,0,0,0,0,0,0,10,0,30,15,0,5,15,60
Winter,SC,3,1,0.5,4.3,5,0.7,5,0,0,0,0,0,0,0,10,0,5,35,0,0,10,50
Summer,SC,3,1,0.5,4.3,5,0.7,3,0,0,0,0,0,0,0,10,0,5,35,0,0,10,50
Spring,SC,3,1,0.5,4.3,5,0.7,11,0,0,0,0,0,0,0,10,0,5,35,0,0,10,50
Fall,SC,3,1,0.5,4.3,5,0.7,2,0,0,0,0,0,0,0,10,0,5,35,0,0,10,50
Winter,SC,4,1,0.5,1.5,1.8,0.3,3,0,0,0,0,0,0,0,5,0,5,5,10,0,30,50
Summer,SC,4,1,0.5,1.5,1.8,0.3,2,0,0,0,0,0,0,0,5,0,5,5,10,0,30,50
Spring,SC,4,1,0.5,1.5,1.8,0.3,6,0,0,0,0,0,0,0,5,0,5,5,10,0,30,50
Fall,SC,4,1,0.5,1.5,1.8,0.3,2,0,0,0,0,0,0,0,5,0,5,5,10,0,30,50
Winter,SC,5,1,0.5,2.3,2.55,0.25,0,0,0,0,0,0,0,0,40,0,50,20,5,0,50,30
Summer,SC,5,1,0.5,2.3,2.55,0.25,0,0,0,0,0,0,0,0,40,0,50,20,5,0,50,30
Spring,SC,5,1,0.5,2.3,2.55,0.25,0,0,0,0,0,0,0,0,40,0,50,20,5,0,50,30
Fall,SC,5,1,0.5,2.3,2.55,0.25,0,0,0,0,0,0,0,0,40,0,50,20,5,0,50,30
Winter,SH,1,1,0.5,x,x,1.6,0,0,0,0,0,0,0,0,0,2,90,0,0,0,0,10
Summer,SH,1,1,0.5,x,x,1.6,0,0,0,0,0,0,0,0,0,2,90,0,0,0,0,10
Spring,SH,1,1,0.5,x,x,1.6,0,0,0,0,0,0,0,0,0,2,90,0,0,0,0,10
Fall,SH,1,1,0.5,x,x,1.6,0,0,0,0,0,0,0,0,0,2,90,0,0,0,0,10
Winter,SH,2,1,0.5,x,x,76.51,0,0,0,0,0,0,0,0,1,1,80,0,0,0,2,15
Summer,SH,2,1,0.5,x,x,76.51,0,0,0,0,0,0,0,0,1,1,80,0,0,0,2,15
Spring,SH,2,1,0.5,x,x,76.51,0,0,0,0,0,0,0,0,1,1,80,0,0,0,2,15
Fall,SH,2,1,0.5,x,x,76.51,0,0,0,0,0,0,0,0,1,1,80,0,0,0,2,15
Winter,SH,3,1,0.5,x,x,0.45,0,0,0,0,0,0,0,0,0,0,90,0,0,0,0,4
Summer,SH,3,1,0.5,x,x,0.45,0,0,0,0,0,0,0,0,0,0,90,0,0,0,0,4
Spring,SH,3,1,0.5,x,x,0.45,0,0,0,0,0,0,0,0,0,0,90,0,0,0,0,4
Fall,SH,3,1,0.5,x,x,0.45,0,0,0,0,0,0,0,0,0,0,90,0,0,0,0,4
Winter,SH,4,1,0.5,x,x,2.1,0,1,0,1,0,0,0,0,50,0,15,15,3,0,30,7
Summer,SH,4,1,0.5,x,x,2.1,0,1,0,1,0,0,0,0,50,0,15,15,3,0,30,7
Spring,SH,4,1,0.5,x,x,2.1,0,3,0,3,0,0,0,0,50,0,15,15,3,0,30,7
Fall,SH,4,1,0.5,x,x,2.1,0,0,0,0,0,0,0,0,50,0,15,15,3,0,30,7
Winter,SH,5,1,0.5,x,x,0.35,0,0,0,0,0,0,0,0,0,0,70,0,0,0,0,60
Summer,SH,5,1,0.5,x,x,0.35,0,0,0,0,0,0,0,0,0,0,70,0,0,0,0,60
Spring,SH,5,1,0.5,x,x,0.35,0,0,0,0,0,0,0,0,0,0,70,0,0,0,0,60
Fall,SH,5,1,0.5,x,x,0.35,0,0,0,0,0,0,0,0,0,0,70,0,0,0,0,60
Winter,TI,1,1,0.571428571,1.95,2.5,0.55,0,0,0,0,0,0,0,0,40,0,0,15,5,0,0,50
Summer,TI,1,1,0.571428571,1.95,2.5,0.55,0,0,0,0,0,0,0,0,40,0,0,15,5,0,0,50
Spring,TI,1,1,0.571428571,1.95,2.5,0.55,0,0,0,0,0,0,0,0,40,0,0,15,5,0,0,50
Fall,TI,1,1,0.571428571,1.95,2.5,0.55,0,0,0,0,0,0,0,0,40,0,0,15,5,0,0,50
Winter,TI,2,1,0.571428571,2.75,3.2,0.45,0,0,0,0,0,0,0,0,75,0,5,10,0,0,90,10
Summer,TI,2,1,0.571428571,2.75,3.2,0.45,0,0,0,0,0,0,0,0,75,0,5,10,0,0,90,10
Spring,TI,2,1,0.571428571,2.75,3.2,0.45,0,0,0,0,0,0,0,0,75,0,5,10,0,0,90,10
Fall,TI,2,1,0.571428571,2.75,3.2,0.45,0,0,0,0,0,0,0,0,75,0,5,10,0,0,90,10
Winter,TI,3,1,0.571428571,9.8,10.05,0.25,0,0,0,0,0,0,0,0,0,0,30,0,0,0,3,70
Summer,TI,3,1,0.571428571,9.8,10.05,0.25,0,0,0,0,0,0,0,0,0,0,30,0,0,0,3,70
Spring,TI,3,1,0.571428571,9.8,10.05,0.25,0,0,0,0,0,0,0,0,0,0,30,0,0,0,3,70
Fall,TI,3,1,0.571428571,9.8,10.05,0.25,0,0,0,0,0,0,0,0,0,0,30,0,0,0,3,70
Winter,TI,4,1,0.571428571,2.4,5.9,3.5,19,4,0,4,0,0,0,0,85,0,10,15,0,5,2,0
Summer,TI,4,1,0.571428571,2.4,5.9,3.5,26,2,0,2,0,0,0,0,85,0,10,15,0,5,2,0
Spring,TI,4,1,0.571428571,2.4,5.9,3.5,34,6,0,6,0,0,0,0,85,0,10,15,0,5,2,0
Fall,TI,4,1,0.571428571,2.4,5.9,3.5,14,0,0,0,0,0,0,0,85,0,10,15,0,5,2,0
Winter,TI,5,1,0.571428571,1.7,2.3,0.6,0,0,0,0,0,0,0,0,10,1,5,0,5,0,0,80
Summer,TI,5,1,0.571428571,1.7,2.3,0.6,0,0,0,0,0,0,0,0,10,1,5,0,5,0,0,80
Spring,TI,5,1,0.571428571,1.7,2.3,0.6,0,0,0,0,0,0,0,0,10,1,5,0,5,0,0,80
Fall,TI,5,1,0.571428571,1.7,2.3,0.6,0,0,0,0,0,0,0,0,10,1,5,0,5,0,0,80
Winter,TS,1,1,0.571428571,2.4,3.3,1.9,11,0,0,0,0,0,0,0,85,0,0,5,0,0,10,0
Summer,TS,1,1,0.571428571,2.4,3.3,1.9,6,0,0,0,0,0,0,0,85,0,0,5,0,0,10,0
Spring,TS,1,1,0.571428571,2.4,3.3,1.9,10,0,0,0,0,0,0,0,85,0,0,5,0,0,10,0
Fall,TS,1,1,0.571428571,2.4,3.3,1.9,4,0,0,0,0,0,0,0,85,0,0,5,0,0,10,0
Winter,TS,2,1,0.571428571,5.9,6.25,1.35,21,0,0,0,0,0,0,0,95,0,5,5,0,5,15,0
Summer,TS,2,1,0.571428571,5.9,6.25,1.35,19,0,0,0,0,0,0,0,95,0,5,5,0,5,15,0
Spring,TS,2,1,0.571428571,5.9,6.25,1.35,25,0,0,0,0,0,0,0,95,0,5,5,0,5,15,0
Fall,TS,2,1,0.571428571,5.9,6.25,1.35,12,0,0,0,0,0,0,0,95,0,5,5,0,5,15,0
Winter,TS,3,1,0.571428571,8.1,8.9,1.8,12,0,0,0,0,0,0,0,70,0,0,5,0,0,10,10
Summer,TS,3,1,0.571428571,8.1,8.9,1.8,15,0,0,0,0,0,0,0,70,0,0,5,0,0,10,10
Spring,TS,3,1,0.571428571,8.1,8.9,1.8,18,0,0,0,0,0,0,0,70,0,0,5,0,0,10,10
Fall,TS,3,1,0.571428571,8.1,8.9,1.8,6,0,0,0,0,0,0,0,70,0,0,5,0,0,10,10
Winter,TS,4,1,0.571428571,8.1,9.2,1.1,24,0,0,0,0,0,0,0,95,0,3,2,0,3,15,0
Summer,TS,4,1,0.571428571,8.1,9.2,1.1,20,0,0,0,0,0,0,0,95,0,3,2,0,3,15,0
Spring,TS,4,1,0.571428571,8.1,9.2,1.1,27,0,0,0,0,0,0,0,95,0,3,2,0,3,15,0
Fall,TS,4,1,0.571428571,8.1,9.2,1.1,18,0,0,0,0,0,0,0,95,0,3,2,0,3,15,0
Winter,TS,5,1,0.571428571,4.6,7.3,2.7,41,1,0,1,0,0,0,0,85,0,1,0,0,0,10,10
Summer,TS,5,1,0.571428571,4.6,7.3,2.7,33,0,0,0,0,0,0,0,85,0,1,0,0,0,10,10
Spring,TS,5,1,0.571428571,4.6,7.3,2.7,42,1,0,1,0,0,0,0,85,0,1,0,0,0,10,10
Fall,TS,5,1,0.571428571,4.6,7.3,2.7,29,0,0,0,0,0,0,0,85,0,1,0,0,0,10,10
Winter,CC,1,0.75,0.5,6.3,8.9,2.6,0,4,3,7,0,0,0,0,85,0,5,40,1,5,20,0
Summer,CC,1,0.75,0.5,6.3,8.9,2.6,0,6,2,8,0,0,0,0,85,0,5,40,1,5,20,0
Spring,CC,1,0.75,0.5,6.3,8.9,2.6,0,2,11,13,0,0,0,0,85,0,5,40,1,5,20,0
Fall,CC,1,0.75,0.5,6.3,8.9,2.6,0,1,0,1,0,0,0,0,85,0,5,40,1,5,20,0
Winter,CC,2,0.75,0.5,4.7,11.7,7,0,11,1,12,0,0,0,0,80,0,50,15,0,0,0,0
Summer,CC,2,0.75,0.5,4.7,11.7,7,0,12,2,14,0,0,0,0,80,0,50,15,0,0,0,0
Spring,CC,2,0.75,0.5,4.7,11.7,7,0,18,4,22,0,0,0,0,80,0,50,15,0,0,0,0
Fall,CC,2,0.75,0.5,4.7,11.7,7,0,9,0,9,0,0,0,0,80,0,50,15,0,0,0,0
Winter,CC,3,0.75,0.5,4.65,19.55,14.9,0,14,15,29,0,1,0,0,75,0,5,65,10,5,5,15
Summer,CC,3,0.75,0.5,4.65,19.55,14.9,0,19,24,43,0,0,0,0,75,0,5,65,10,5,5,15
Spring,CC,3,0.75,0.5,4.65,19.55,14.9,0,26,28,54,1,1,1,0,75,0,5,65,10,5,5,15
Fall,CC,3,0.75,0.5,4.65,19.55,14.9,0,13,7,20,0,0,0,0,75,0,5,65,10,5,5,15
Winter,CC,4,0.75,0.5,13.3,13.55,0.25,0,0,0,0,0,0,0,0,1,2,50,30,0,5,0,2
Summer,CC,4,0.75,0.5,13.3,13.55,0.25,0,0,0,0,0,0,0,0,1,2,50,30,0,5,0,2
Spring,CC,4,0.75,0.5,13.3,13.55,0.25,0,0,0,0,0,0,0,0,1,2,50,30,0,5,0,2
Fall,CC,4,0.75,0.5,13.3,13.55,0.25,0,0,0,0,0,0,0,0,1,2,50,30,0,5,0,2
Winter,CC,5,0.75,0.5,11.6,14.6,3,0,2,1,3,0,0,0,0,50,0,10,65,0,0,2,15
Summer,CC,5,0.75,0.5,11.6,14.6,3,0,5,0,5,0,0,0,0,50,0,10,65,0,0,2,15
Spring,CC,5,0.75,0.5,11.6,14.6,3,0,4,2,6,0,0,0,0,50,0,10,65,0,0,2,15
Fall,CC,5,0.75,0.5,11.6,14.6,3,0,1,0,1,0,0,0,0,50,0,10,65,0,0,2,15
Winter,DP,2,0.75,0.6,1.2,2.3,1.1,0,0,0,0,0,0,0,0,35,0,25,0,5,5,40,10
Summer,DP,2,0.75,0.6,1.2,2.3,1.1,0,0,0,0,0,0,0,0,35,0,25,0,5,5,40,10
Spring,DP,2,0.75,0.6,1.2,2.3,1.1,0,0,0,0,0,0,0,0,35,0,25,0,5,5,40,10
Fall,DP,2,0.75,0.6,1.2,2.3,1.1,0,0,0,0,0,0,0,0,35,0,25,0,5,5,40,10
Winter,DP,3,0.75,0.6,1.1,1.4,0.3,0,1,0,1,0,0,0,0,15,1,10,0,15,20,15,10
Summer,DP,3,0.75,0.6,1.1,1.4,0.3,0,2,0,2,0,0,0,0,15,1,10,0,15,20,15,10
Spring,DP,3,0.75,0.6,1.1,1.4,0.3,0,1,2,3,0,0,0,0,15,1,10,0,15,20,15,10
Fall,DP,3,0.75,0.6,1.1,1.4,0.3,0,0,0,0,0,0,0,0,15,1,10,0,15,20,15,10
Winter,DP,4,0.75,0.6,1.9,2.3,0.4,0,0,0,0,0,0,0,0,10,0,2,0,5,0,75,5
Summer,DP,4,0.75,0.6,1.9,2.3,0.4,0,0,0,0,0,0,0,0,10,0,2,0,5,0,75,5
Spring,DP,4,0.75,0.6,1.9,2.3,0.4,0,0,0,0,0,0,0,0,10,0,2,0,5,0,75,5
Fall,DP,4,0.75,0.6,1.9,2.3,0.4,0,0,0,0,0,0,0,0,10,0,2,0,5,0,75,5
Winter,DP,5,0.75,0.6,4.7,5,0.3,0,0,0,0,0,0,0,0,35,0,25,0,5,5,40,10
Summer,DP,5,0.75,0.6,4.7,5,0.3,0,0,0,0,0,0,0,0,85,0,15,5,1,1,10,0
Spring,DP,5,0.75,0.6,4.7,5,0.3,0,0,0,0,0,0,0,0,35,0,25,0,5,5,40,10
Fall,DP,5,0.75,0.6,4.7,5,0.3,0,0,0,0,0,0,0,0,35,0,25,0,5,5,40,10
Winter,HP,1,0.75,0.428571429,5.7,7.4,1.7,0,0,0,0,0,0,0,0,2,0,5,1,0,2,0,95
Summer,HP,1,0.75,0.428571429,5.7,7.4,1.7,0,0,0,0,0,0,0,0,2,0,5,1,0,2,0,95
Spring,HP,1,0.75,0.428571429,5.7,7.4,1.7,0,0,0,0,0,0,0,0,2,0,5,1,0,2,0,95
Fall,HP,1,0.75,0.428571429,5.7,7.4,1.7,0,0,0,0,0,0,0,0,2,0,5,1,0,2,0,95
Winter,HP,2,0.75,0.428571429,6.8,7.5,0.7,0,0,0,0,0,0,0,0,0,0,10,0,0,10,0,70
Summer,HP,2,0.75,0.428571429,6.8,7.5,0.7,1,0,0,0,0,0,0,0,0,0,10,0,0,10,0,70
Spring,HP,2,0.75,0.428571429,6.8,7.5,0.7,0,0,0,0,0,0,0,0,0,0,10,0,0,10,0,70
Fall,HP,2,0.75,0.428571429,6.8,7.5,0.7,0,0,0,0,0,0,0,0,0,0,10,0,0,10,0,70
Winter,HP,3,0.75,0.428571429,10.8,11.8,1,1,0,0,0,0,0,0,3,0,0,85,0,0,0,40,15
Summer,HP,3,0.75,0.428571429,10.8,11.8,1,0,0,0,0,0,0,1,0,0,0,85,0,0,0,40,15
Spring,HP,3,0.75,0.428571429,10.8,11.8,1,0,0,0,0,0,0,0,0,0,0,85,0,0,0,40,15
Fall,HP,3,0.75,0.428571429,10.8,11.8,1,0,0,0,0,0,0,0,0,0,0,85,0,0,0,40,15
Winter,HP,4,0.75,0.428571429,12.4,12.8,0.4,0,0,0,0,0,0,0,0,0,0,10,0,0,0,0,90
Summer,HP,4,0.75,0.428571429,12.4,12.8,0.4,0,0,0,0,0,0,0,0,0,0,10,0,0,0,0,90
Spring,HP,4,0.75,0.428571429,12.4,12.8,0.4,0,0,0,0,0,0,0,0,0,0,10,0,0,0,0,90
Fall,HP,4,0.75,0.428571429,12.4,12.8,0.4,0,0,0,0,0,0,0,0,0,0,10,0,0,0,0,90
Winter,LC,1,0.75,0.75,2.6,5.8,3.2,0,0,0,0,0,0,0,0,15,0,5,10,5,0,40,30
Summer,LC,1,0.75,0.75,2.6,5.8,3.2,0,1,0,1,0,0,0,0,15,0,5,10,5,0,40,30
Spring,LC,1,0.75,0.75,2.6,5.8,3.2,0,0,0,0,0,0,0,0,15,0,5,10,5,0,40,30
Fall,LC,1,0.75,0.75,2.6,5.8,3.2,0,0,0,0,0,0,0,0,15,0,5,10,5,0,40,30
Winter,LC,2,0.75,0.75,1.85,4.2,2.35,0,0,0,0,0,0,0,0,20,0,1,5,2,0,50,20
Summer,LC,2,0.75,0.75,1.85,4.2,2.35,0,0,0,0,0,0,0,0,20,0,1,5,2,0,50,20
Spring,LC,2,0.75,0.75,1.85,4.2,2.35,0,0,0,0,0,0,0,0,20,0,1,5,2,0,50,20
Fall,LC,2,0.75,0.75,1.85,4.2,2.35,0,0,0,0,0,0,0,0,20,0,1,5,2,0,50,20
Winter,LC,3,0.75,0.75,2.175,5.1,2.925,0,0,0,0,0,0,0,0,50,0,20,5,2,0,50,20
Summer,LC,3,0.75,0.75,2.175,5.1,2.925,0,0,0,0,0,0,0,0,50,0,20,5,2,0,50,20
Spring,LC,3,0.75,0.75,2.175,5.1,2.925,0,0,0,0,0,0,0,0,50,0,20,5,2,0,50,20
Fall,LC,3,0.75,0.75,2.175,5.1,2.925,0,0,0,0,0,0,0,0,50,0,20,5,2,0,50,20
Winter,LC,4,0.75,0.75,1.525,3.35,1.825,0,0,0,0,1,0,0,0,35,1,5,5,5,0,45,20
Summer,LC,4,0.75,0.75,1.525,3.35,1.825,0,0,0,0,1,0,0,0,35,1,5,5,5,0,45,20
Spring,LC,4,0.75,0.75,1.525,3.35,1.825,0,0,0,0,0,0,0,0,35,1,5,5,5,0,45,20
Fall,LC,4,0.75,0.75,1.525,3.35,1.825,0,0,0,0,0,0,0,0,35,1,5,5,5,0,45,20
Winter,LC,5,0.75,0.75,1.25,1.5,0.25,0,0,0,0,0,0,0,0,0,0,0,0,0,0,95,5
Summer,LC,5,0.75,0.75,1.25,1.5,0.25,0,0,0,0,0,0,0,0,0,0,0,0,0,0,95,5
Spring,LC,5,0.75,0.75,1.25,1.5,0.25,0,0,0,0,0,0,0,0,0,0,0,0,0,0,95,5
Fall,LC,5,0.75,0.75,1.25,1.5,0.25,0,0,0,0,0,0,0,0,0,0,0,0,0,0,95,5
Winter,SC,1,0.75,0.375,1.1,1.6,0.5,0,0,0,0,0,0,0,0,3,1,15,5,0,0,0,80
Summer,SC,1,0.75,0.375,1.1,1.6,0.5,0,0,0,0,0,0,0,0,3,1,15,5,0,0,0,80
Spring,SC,1,0.75,0.375,1.1,1.6,0.5,0,0,0,0,0,0,0,0,3,1,15,5,0,0,0,80
Fall,SC,1,0.75,0.375,1.1,1.6,0.5,0,0,0,0,0,0,0,0,3,1,15,5,0,0,0,80
Winter,SC,2,0.75,0.375,1,1.3,0.3,1,1,0,1,0,0,0,0,10,0,15,15,5,10,20,35
Summer,SC,2,0.75,0.375,1,1.3,0.3,1,0,0,0,0,0,0,0,10,0,15,15,5,10,20,35
Spring,SC,2,0.75,0.375,1,1.3,0.3,2,0,0,0,0,0,0,0,10,0,15,15,5,10,20,35
Fall,SC,2,0.75,0.375,1,1.3,0.3,1,0,0,0,0,0,0,0,10,0,15,15,5,10,20,35
Winter,SC,3,0.75,0.375,4,4.3,0.3,3,0,0,0,0,0,0,0,5,0,10,25,0,0,10,50
Summer,SC,3,0.75,0.375,4,4.3,0.3,1,0,0,0,0,0,0,0,5,0,10,25,0,0,10,50
Spring,SC,3,0.75,0.375,4,4.3,0.3,7,0,0,0,0,0,0,0,5,0,10,25,0,0,10,50
Fall,SC,3,0.75,0.375,4,4.3,0.3,0,0,1,1,0,0,0,0,5,0,10,25,0,0,10,50
Winter,SC,4,0.75,0.375,1.05,1.5,0.45,0,1,0,1,0,0,0,0,15,0,0,15,10,5,50,35
Summer,SC,4,0.75,0.375,1.05,1.5,0.45,0,0,0,0,0,0,0,0,15,0,0,15,10,5,50,35
Spring,SC,4,0.75,0.375,1.05,1.5,0.45,0,0,2,2,0,0,0,0,15,0,0,15,10,5,50,35
Fall,SC,4,0.75,0.375,1.05,1.5,0.45,1,0,0,0,0,0,0,0,15,0,0,15,10,5,50,35
Winter,SC,5,0.75,0.375,2.05,2.3,0.25,0,0,0,0,0,0,0,0,30,0,50,0,5,0,60,20
Summer,SC,5,0.75,0.375,2.05,2.3,0.25,0,0,0,0,0,0,0,0,30,0,50,0,5,0,60,20
Spring,SC,5,0.75,0.375,2.05,2.3,0.25,0,0,0,0,0,0,0,0,30,0,50,0,5,0,60,20
Fall,SC,5,0.75,0.375,2.05,2.3,0.25,0,0,0,0,0,0,0,0,30,0,50,0,5,0,60,20
Winter,SH,1,0.75,0.375,x,x,0.5,0,0,0,0,0,0,0,0,11,0,45,7,0,0,3,20
Summer,SH,1,0.75,0.375,x,x,0.5,0,0,0,0,0,0,0,0,11,0,45,7,0,0,3,20
Spring,SH,1,0.75,0.375,x,x,0.5,0,0,0,0,0,0,0,0,11,0,45,7,0,0,3,20
Fall,SH,1,0.75,0.375,x,x,0.5,0,0,0,0,0,0,0,0,11,0,45,7,0,0,3,20
Winter,SH,2,0.75,0.375,x,x,1.74,0,0,0,0,0,0,0,0,45,1,18,12,4,8,45,23
Summer,SH,2,0.75,0.375,x,x,1.74,0,0,0,0,0,0,0,0,45,1,18,12,4,8,45,23
Spring,SH,2,0.75,0.375,x,x,1.74,0,0,0,0,0,0,0,0,45,1,18,12,4,8,45,23
Fall,SH,2,0.75,0.375,x,x,1.74,0,0,0,0,0,0,0,0,45,1,18,12,4,8,45,23
Winter,SH,3,0.75,0.375,x,x,0.35,0,0,0,0,0,0,0,0,25,1,85,10,0,0,0,5
Summer,SH,3,0.75,0.375,x,x,0.35,0,0,0,0,0,0,0,0,25,1,85,10,0,0,0,5
Spring,SH,3,0.75,0.375,x,x,0.35,0,0,0,0,0,0,0,0,25,1,85,10,0,0,0,5
Fall,SH,3,0.75,0.375,x,x,0.35,0,0,0,0,0,0,0,0,25,1,85,10,0,0,0,5
Winter,SH,4,0.75,0.375,x,x,2.9,0,0,0,0,0,0,0,0,90,0,12,15,0,0,1,3
Summer,SH,4,0.75,0.375,x,x,2.9,0,0,0,0,0,0,0,0,90,0,12,15,0,0,1,3
Spring,SH,4,0.75,0.375,x,x,2.9,0,0,0,0,0,0,0,0,90,0,12,15,0,0,1,3
Fall,SH,4,0.75,0.375,x,x,2.9,0,0,1,1,0,0,0,0,90,0,12,15,0,0,1,3
Winter,SH,5,0.75,0.375,x,x,0.35,0,0,0,0,0,0,0,0,1,0,65,0,0,0,10,30
Summer,SH,5,0.75,0.375,x,x,0.35,0,0,0,0,0,0,0,0,1,0,65,0,0,0,10,30
Spring,SH,5,0.75,0.375,x,x,0.35,0,0,0,0,0,0,0,0,1,0,65,0,0,0,10,30
Fall,SH,5,0.75,0.375,x,x,0.35,0,0,0,0,0,0,0,0,1,0,65,0,0,0,10,30
Winter,TI,1,0.75,0.428571429,1.3,1.95,0.65,0,0,0,0,0,0,0,0,90,0,10,5,0,0,15,5
Summer,TI,1,0.75,0.428571429,1.3,1.95,0.65,0,0,0,0,0,0,0,0,90,0,10,5,0,0,15,5
Spring,TI,1,0.75,0.428571429,1.3,1.95,0.65,0,0,0,0,0,0,0,0,90,0,10,5,0,0,15,5
Fall,TI,1,0.75,0.428571429,1.3,1.95,0.65,0,0,0,0,0,0,0,0,90,0,10,5,0,0,15,5
Winter,TI,2,0.75,0.428571429,2,2.75,0.75,0,0,0,0,0,0,0,0,75,0,5,1,0,0,100,0
Summer,TI,2,0.75,0.428571429,2,2.75,0.75,0,0,0,0,0,0,0,0,75,0,5,1,0,0,100,0
Spring,TI,2,0.75,0.428571429,2,2.75,0.75,0,0,0,0,0,0,0,0,75,0,5,1,0,0,100,0
Fall,TI,2,0.75,0.428571429,2,2.75,0.75,0,0,0,0,0,0,0,0,75,0,5,1,0,0,100,0
Winter,TI,3,0.75,0.428571429,2.4,9.8,7.4,19,1,0,1,0,0,0,0,80,0,15,10,0,0,10,7
Summer,TI,3,0.75,0.428571429,2.4,9.8,7.4,17,0,0,0,0,0,0,0,80,0,15,10,0,0,10,7
Spring,TI,3,0.75,0.428571429,2.4,9.8,7.4,28,1,0,1,0,0,0,0,80,0,15,10,0,0,10,7
Fall,TI,3,0.75,0.428571429,2.4,9.8,7.4,8,0,0,0,0,0,0,0,80,0,15,10,0,0,10,7
Winter,TI,4,0.75,0.428571429,1.8,2.4,0.6,0,0,0,0,0,0,0,0,87,0,10,5,0,0,10,5
Summer,TI,4,0.75,0.428571429,1.8,2.4,0.6,0,0,0,0,0,0,0,0,87,0,10,5,0,0,10,5
Spring,TI,4,0.75,0.428571429,1.8,2.4,0.6,0,0,0,0,0,0,0,0,87,0,10,5,0,0,10,5
Fall,TI,4,0.75,0.428571429,1.8,2.4,0.6,0,0,0,0,0,0,0,0,87,0,10,5,0,0,10,5
Winter,TI,5,0.75,0.428571429,1.1,1.7,0.6,0,0,0,0,0,0,0,0,35,0,25,10,5,0,50,10
Summer,TI,5,0.75,0.428571429,1.1,1.7,0.6,0,0,0,0,0,0,0,0,35,0,25,10,5,0,50,10
Spring,TI,5,0.75,0.428571429,1.1,1.7,0.6,0,0,0,0,0,0,0,0,35,0,25,10,5,0,50,10
Fall,TI,5,0.75,0.428571429,1.1,1.7,0.6,0,0,0,0,0,0,0,0,35,0,25,10,5,0,50,10
Winter,TS,1,0.75,0.428571429,1.6,2.4,0.8,0,0,0,0,0,0,0,0,80,0,2,10,0,0,5,0
Summer,TS,1,0.75,0.428571429,1.6,2.4,0.8,0,0,0,0,0,0,0,0,80,0,2,10,0,0,5,0
Spring,TS,1,0.75,0.428571429,1.6,2.4,0.8,0,0,0,0,0,0,0,0,80,0,2,10,0,0,5,0
Fall,TS,1,0.75,0.428571429,1.6,2.4,0.8,0,0,0,0,0,0,0,0,80,0,2,10,0,0,5,0
Winter,TS,2,0.75,0.428571429,2.2,5.9,3.7,7,1,0,1,0,2,0,0,100,0,5,15,0,0,10,0
Summer,TS,2,0.75,0.428571429,2.2,5.9,3.7,4,0,0,0,0,0,0,0,100,0,5,15,0,0,10,0
Spring,TS,2,0.75,0.428571429,2.2,5.9,3.7,6,1,0,1,0,0,0,0,100,0,5,15,0,0,10,0
Fall,TS,2,0.75,0.428571429,2.2,5.9,3.7,2,0,0,0,0,0,0,0,100,0,5,15,0,0,10,0
Winter,TS,3,0.75,0.428571429,7.5,8.1,1.6,7,2,0,2,0,0,0,0,90,0,2,10,0,5,10,5
Summer,TS,3,0.75,0.428571429,7.5,8.1,1.6,4,0,0,0,0,0,0,0,90,0,2,10,0,5,10,5
Spring,TS,3,0.75,0.428571429,7.5,8.1,1.6,10,6,0,6,0,0,0,0,90,0,2,10,0,5,10,5
Fall,TS,3,0.75,0.428571429,7.5,8.1,1.6,1,0,0,0,0,0,0,0,90,0,2,10,0,5,10,5
Winter,TS,4,0.75,0.428571429,7.5,8.1,1.6,18,1,0,1,0,0,0,0,75,0,0,5,0,0,20,5
Summer,TS,4,0.75,0.428571429,7.5,8.1,1.6,19,0,0,0,0,0,0,0,75,0,0,5,0,0,20,5
Spring,TS,4,0.75,0.428571429,7.5,8.1,1.6,24,1,0,1,0,0,0,0,75,0,0,5,0,0,20,5
Fall,TS,4,0.75,0.428571429,7.5,8.1,1.6,11,0,0,0,0,0,0,0,75,0,0,5,0,0,20,5
Winter,TS,5,0.75,0.428571429,3,4.6,1.6,8,0,0,0,0,0,0,0,75,0,0,7,0,0,40,10
Summer,TS,5,0.75,0.428571429,3,4.6,1.6,9,0,0,0,0,0,0,0,75,0,0,7,0,0,40,10
Spring,TS,5,0.75,0.428571429,3,4.6,1.6,14,0,0,0,0,0,0,0,75,0,0,7,0,0,40,10
Fall,TS,5,0.75,0.428571429,3,4.6,1.6,5,0,0,0,0,0,0,0,75,0,0,7,0,0,40,10
Winter,CC,1,0.5,0.333333333,1.1,6.3,5.2,0,2,3,5,1,0,0,0,55,0,10,15,15,5,50,10
Summer,CC,1,0.5,0.333333333,1.1,6.3,5.2,0,1,4,5,0,0,0,0,55,0,10,15,15,5,50,10
Spring,CC,1,0.5,0.333333333,1.1,6.3,5.2,0,2,7,9,0,2,0,0,55,0,10,15,15,5,50,10
Fall,CC,1,0.5,0.333333333,1.1,6.3,5.2,0,1,0,1,0,0,0,0,55,0,10,15,15,5,50,10
Winter,CC,2,0.5,0.333333333,4.2,4.7,0.5,0,0,0,0,0,0,0,0,5,0,2,10,30,5,30,10
Summer,CC,2,0.5,0.333333333,4.2,4.7,0.5,0,0,0,0,0,0,0,0,5,0,2,10,30,5,30,10
Spring,CC,2,0.5,0.333333333,4.2,4.7,0.5,0,0,0,0,0,0,0,0,5,0,2,10,30,5,30,10
Fall,CC,2,0.5,0.333333333,4.2,4.7,0.5,0,0,0,0,0,0,0,0,5,0,2,10,30,5,30,10
Winter,CC,3,0.5,0.333333333,0.7,4.65,3.95,0,0,0,0,0,0,0,0,0,0,5,0,10,5,70,20
Summer,CC,3,0.5,0.333333333,0.7,4.65,3.95,0,0,0,0,0,0,0,0,0,0,5,0,10,5,70,20
Spring,CC,3,0.5,0.333333333,0.7,4.65,3.95,0,0,0,0,1,0,0,0,0,0,5,0,10,5,70,20
Fall,CC,3,0.5,0.333333333,0.7,4.65,3.95,0,0,0,0,0,0,0,0,0,0,5,0,10,5,70,20
Winter,CC,4,0.5,0.333333333,12.6,13.3,0.7,0,0,0,0,0,0,0,0,20,0,20,5,0,5,0,50
Summer,CC,4,0.5,0.333333333,12.6,13.3,0.7,0,0,0,0,0,0,0,0,20,0,20,5,0,5,0,50
Spring,CC,4,0.5,0.333333333,12.6,13.3,0.7,0,0,0,0,0,0,0,0,20,0,20,5,0,5,0,50
Fall,CC,4,0.5,0.333333333,12.6,13.3,0.7,0,0,0,0,0,0,0,0,20,0,20,5,0,5,0,50
Winter,CC,5,0.5,0.333333333,10.9,11.6,0.7,0,3,1,4,0,0,0,0,60,0,20,10,5,30,35,30
Summer,CC,5,0.5,0.333333333,10.9,11.6,0.7,0,2,1,3,0,0,0,0,60,0,20,10,5,30,35,30
Spring,CC,5,0.5,0.333333333,10.9,11.6,0.7,0,6,3,9,0,0,0,0,60,0,20,10,5,30,35,30
Fall,CC,5,0.5,0.333333333,10.9,11.6,0.7,0,1,0,1,0,0,0,0,60,0,20,10,5,30,35,30
Winter,CR,1,0.5,1,0.8,3,2.2,0,0,0,0,0,0,0,0,75,0,40,5,0,5,10,5
Summer,CR,1,0.5,1,0.8,3,2.2,0,0,0,0,0,0,0,0,75,0,40,5,0,5,10,5
Spring,CR,1,0.5,1,0.8,3,2.2,0,0,0,0,0,0,0,0,75,0,40,5,0,5,10,5
Fall,CR,1,0.5,1,0.8,3,2.2,0,0,0,0,0,0,0,0,75,0,40,5,0,5,10,5
Winter,CR,2,0.5,1,0.55,2.6,2.05,1,0,0,0,0,0,0,0,75,0,50,25,0,0,0,0
Summer,CR,2,0.5,1,0.55,2.6,2.05,1,0,0,0,0,0,0,0,75,0,50,25,0,0,0,0
Spring,CR,2,0.5,1,0.55,2.6,2.05,1,1,0,1,0,0,0,0,75,0,50,25,0,0,0,0
Fall,CR,2,0.5,1,0.55,2.6,2.05,2,0,0,0,0,0,0,0,75,0,50,25,0,0,0,0
Winter,CR,3,0.5,1,5.3,5.55,0.25,0,0,0,0,0,0,0,0,10,0,10,5,0,5,75,25
Summer,CR,3,0.5,1,5.3,5.55,0.25,0,0,0,0,0,0,0,0,10,0,10,5,0,5,75,25
Spring,CR,3,0.5,1,5.3,5.55,0.25,0,0,0,0,0,0,0,0,10,0,10,5,0,5,75,25
Fall,CR,3,0.5,1,5.3,5.55,0.25,0,0,0,0,0,0,0,0,10,0,10,5,0,5,75,25
Winter,CR,4,0.5,1,0.65,5.2,4.55,5,2,0,2,0,0,0,0,90,1,60,10,10,5,0,0
Summer,CR,4,0.5,1,0.65,5.2,4.55,4,2,0,2,0,0,0,0,90,1,60,10,10,5,0,0
Spring,CR,4,0.5,1,0.65,5.2,4.55,4,4,0,4,0,0,0,0,90,1,60,10,10,5,0,0
Fall,CR,4,0.5,1,0.65,5.2,4.55,3,1,0,1,0,0,0,0,90,1,60,10,10,5,0,0
Winter,CR,5,0.5,1,5.4,5.65,4.95,19,6,0,6,0,0,0,0,80,0,50,10,10,10,0,10
Summer,CR,5,0.5,1,5.4,5.65,4.95,17,2,0,2,0,0,0,0,80,0,50,10,10,10,0,10
Spring,CR,5,0.5,1,5.4,5.65,4.95,24,7,1,8,0,0,0,0,80,0,50,10,10,10,0,10
Fall,CR,5,0.5,1,5.4,5.65,4.95,11,2,0,2,0,0,0,0,80,0,50,10,10,10,0,10
Winter,DP,1,0.5,0.4,2.25,2.6,0.35,0,0,0,0,0,0,0,0,5,0,5,0,10,5,75,10
Summer,DP,1,0.5,0.4,2.25,2.6,0.35,0,0,0,0,0,0,0,0,5,0,5,0,10,5,75,10
Spring,DP,1,0.5,0.4,2.25,2.6,0.35,0,0,0,0,0,0,0,0,5,0,5,0,10,5,75,10
Fall,DP,1,0.5,0.4,2.25,2.6,0.35,0,0,0,0,0,0,0,0,5,0,5,0,10,5,75,10
Winter,DP,2,0.5,0.4,0.7,1.2,0.5,0,0,0,0,0,0,0,0,2,0,5,0,10,15,75,10
Summer,DP,2,0.5,0.4,0.7,1.2,0.5,0,0,0,0,0,0,0,0,2,0,5,0,10,15,75,10
Spring,DP,2,0.5,0.4,0.7,1.2,0.5,0,0,0,0,0,0,0,0,2,0,5,0,10,15,75,10
Fall,DP,2,0.5,0.4,0.7,1.2,0.5,0,0,0,0,0,0,0,0,2,0,5,0,10,15,75,10
Winter,DP,3,0.5,0.4,0.8,1.1,0.3,0,0,0,0,0,0,0,0,0,0,1,0,10,10,80,15
Summer,DP,3,0.5,0.4,0.8,1.1,0.3,0,0,0,0,0,0,0,0,0,0,1,0,10,10,80,15
Spring,DP,3,0.5,0.4,0.8,1.1,0.3,0,0,0,0,0,0,0,0,0,0,1,0,10,10,80,15
Fall,DP,3,0.5,0.4,0.8,1.1,0.3,0,0,0,0,0,0,0,0,0,0,1,0,10,10,80,15
Winter,DP,4,0.5,0.4,1.6,1.9,0.3,0,0,0,0,0,0,0,0,1,0,0,0,10,5,65,15
Summer,DP,4,0.5,0.4,1.6,1.9,0.3,0,0,0,0,0,0,0,0,1,0,0,0,10,5,65,15
Spring,DP,4,0.5,0.4,1.6,1.9,0.3,0,0,0,0,0,0,0,0,1,0,0,0,10,5,65,15
Fall,DP,4,0.5,0.4,1.6,1.9,0.3,0,0,0,0,0,0,0,0,1,0,0,0,10,5,65,15
Winter,DP,5,0.5,0.4,2.3,4.7,2.4,0,0,0,0,0,0,0,0,2,0,5,0,10,15,75,10
Summer,DP,5,0.5,0.4,2.3,4.7,2.4,0,0,0,0,0,0,0,0,50,0,10,5,5,5,20,5
Spring,DP,5,0.5,0.4,2.3,4.7,2.4,0,0,0,0,0,0,0,2,2,0,5,0,10,15,75,10
Fall,DP,5,0.5,0.4,2.3,4.7,2.4,0,0,0,0,0,0,0,0,2,0,5,0,10,15,75,10
Winter,HP,1,0.5,0.285714286,1.35,5.7,4.35,0,0,0,0,0,0,0,0,0,0,0,0,60,5,25,35
Summer,HP,1,0.5,0.285714286,1.35,5.7,4.35,0,0,0,0,0,0,0,0,0,0,0,0,60,5,25,35
Spring,HP,1,0.5,0.285714286,1.35,5.7,4.35,0,0,0,0,0,0,0,0,0,0,0,0,60,5,25,35
Fall,HP,1,0.5,0.285714286,1.35,5.7,4.35,0,0,0,0,0,0,0,0,0,0,0,0,60,5,25,35
Winter,HP,2,0.5,0.285714286,6.3,6.8,0.5,0,1,0,1,0,0,0,0,0,0,10,0,5,5,20,30
Summer,HP,2,0.5,0.285714286,6.3,6.8,0.5,0,0,1,1,0,0,0,0,0,0,10,0,5,5,20,30
Spring,HP,2,0.5,0.285714286,6.3,6.8,0.5,0,0,0,0,0,0,0,0,0,0,10,0,5,5,20,30
Fall,HP,2,0.5,0.285714286,6.3,6.8,0.5,0,0,0,0,0,0,0,0,0,0,10,0,5,5,20,30
Winter,HP,3,0.5,0.285714286,8.4,10.8,2.4,0,0,0,0,0,0,0,0,5,0,1,2,5,10,0,0
Summer,HP,3,0.5,0.285714286,8.4,10.8,2.4,0,0,0,0,0,0,0,1,5,0,1,2,5,10,0,0
Spring,HP,3,0.5,0.285714286,8.4,10.8,2.4,0,0,0,0,0,0,0,0,5,0,1,2,5,10,0,0
Fall,HP,3,0.5,0.285714286,8.4,10.8,2.4,0,0,0,0,0,0,0,0,5,0,1,2,5,10,0,0
Winter,HP,4,0.5,0.285714286,6.3,12.4,6.1,0,0,0,0,0,0,0,0,0,0,5,0,5,0,0,80
Summer,HP,4,0.5,0.285714286,6.3,12.4,6.1,0,0,0,0,0,0,0,0,0,0,5,0,5,0,0,80
Spring,HP,4,0.5,0.285714286,6.3,12.4,6.1,1,0,0,0,0,0,0,0,0,0,5,0,5,0,0,80
Fall,HP,4,0.5,0.285714286,6.3,12.4,6.1,0,0,0,0,0,0,0,0,0,0,5,0,5,0,0,80
Winter,HP,5,0.5,0.285714286,17.7,17.95,0.25,0,0,0,0,0,0,0,0,0,0,10,0,0,0,0,90
Summer,HP,5,0.5,0.285714286,17.7,17.95,0.25,0,0,0,0,0,0,0,0,0,0,10,0,0,0,0,90
Spring,HP,5,0.5,0.285714286,17.7,17.95,0.25,0,0,0,0,0,0,0,0,0,0,10,0,0,0,0,90
Fall,HP,5,0.5,0.285714286,17.7,17.95,0.25,0,0,0,0,0,0,0,0,0,0,10,0,0,0,0,90
Winter,LC,1,0.5,0.5,1.05,2.6,1.55,0,0,0,0,0,0,0,0,5,0,1,5,15,0,90,5
Summer,LC,1,0.5,0.5,1.05,2.6,1.55,0,1,0,1,0,0,0,0,5,0,1,5,15,0,90,5
Spring,LC,1,0.5,0.5,1.05,2.6,1.55,0,0,0,0,0,0,0,0,5,0,1,5,15,0,90,5
Fall,LC,1,0.5,0.5,1.05,2.6,1.55,0,0,0,0,0,0,0,0,5,0,1,5,15,0,90,5
Winter,LC,2,0.5,0.5,0.5,1.85,1.35,0,0,0,0,0,0,0,0,1,0,0,1,3,0,55,40
Summer,LC,2,0.5,0.5,0.5,1.85,1.35,0,0,0,0,0,0,0,0,1,0,0,1,3,0,55,40
Spring,LC,2,0.5,0.5,0.5,1.85,1.35,0,0,0,0,0,0,0,0,1,0,0,1,3,0,55,40
Fall,LC,2,0.5,0.5,0.5,1.85,1.35,0,0,0,0,1,0,0,0,1,0,0,1,3,0,55,40
Winter,LC,3,0.5,0.5,0.75,2.175,1.425,0,0,0,0,0,0,0,0,0,0,5,0,5,0,30,60
Summer,LC,3,0.5,0.5,0.75,2.175,1.425,0,0,0,0,0,0,0,0,0,0,5,0,5,0,30,60
Spring,LC,3,0.5,0.5,0.75,2.175,1.425,0,0,0,0,0,0,0,0,0,0,5,0,5,0,30,60
Fall,LC,3,0.5,0.5,0.75,2.175,1.425,0,0,0,0,0,0,0,0,0,0,5,0,5,0,30,60
Winter,LC,4,0.5,0.5,0.6125,1.525,0.9125,0,0,0,0,0,0,0,0,15,0,0,0,5,0,95,0
Summer,LC,4,0.5,0.5,0.6125,1.525,0.9125,0,0,0,0,0,0,0,0,15,0,0,0,5,0,95,0
Spring,LC,4,0.5,0.5,0.6125,1.525,0.9125,0,0,0,0,0,0,0,0,15,0,0,0,5,0,95,0
Fall,LC,4,0.5,0.5,0.6125,1.525,0.9125,0,0,0,0,0,0,0,0,15,0,0,0,5,0,95,0
Winter,LC,5,0.5,0.5,0.7,1,0.3,0,0,0,0,0,0,0,0,0,0,0,0,0,0,95,5
Summer,LC,5,0.5,0.5,0.7,1,0.3,0,0,1,1,0,0,0,0,0,0,0,0,0,0,95,5
Spring,LC,5,0.5,0.5,0.7,1,0.3,0,0,0,0,0,0,0,0,0,0,0,0,0,0,95,5
Fall,LC,5,0.5,0.5,0.7,1,0.3,0,0,0,0,0,0,0,0,0,0,0,0,0,0,95,5
Winter,SC,1,0.5,0.25,0.7,1.1,0.4,0,0,0,0,0,0,0,0,0,0,5,0,0,5,0,90
Summer,SC,1,0.5,0.25,0.7,1.1,0.4,0,0,0,0,0,0,0,0,0,0,5,0,0,5,0,90
Spring,SC,1,0.5,0.25,0.7,1.1,0.4,0,0,0,0,0,0,0,0,0,0,5,0,0,5,0,90
Fall,SC,1,0.5,0.25,0.7,1.1,0.4,0,0,0,0,0,0,0,0,0,0,5,0,0,5,0,90
Winter,SC,2,0.5,0.25,0.75,1,0.25,0,0,0,0,0,0,0,0,10,0,5,5,15,0,60,15
Summer,SC,2,0.5,0.25,0.75,1,0.25,0,0,0,0,0,0,0,0,10,0,5,5,15,0,60,15
Spring,SC,2,0.5,0.25,0.75,1,0.25,0,0,0,0,0,0,0,0,10,0,5,5,15,0,60,15
Fall,SC,2,0.5,0.25,0.75,1,0.25,0,0,0,0,0,0,0,0,10,0,5,5,15,0,60,15
Winter,SC,3,0.5,0.25,3.7,4,0.3,0,0,0,0,0,0,0,0,5,0,12,3,15,20,5,55
Summer,SC,3,0.5,0.25,3.7,4,0.3,0,0,1,1,0,0,0,0,5,0,12,3,15,20,5,55
Spring,SC,3,0.5,0.25,3.7,4,0.3,0,0,0,0,0,0,0,0,5,0,12,3,15,20,5,55
Fall,SC,3,0.5,0.25,3.7,4,0.3,0,0,0,0,0,0,0,0,5,0,12,3,15,20,5,55
Winter,SC,4,0.5,0.25,0.7,1.05,0.35,0,0,0,0,0,0,0,0,35,0,35,0,10,10,55,5
Summer,SC,4,0.5,0.25,0.7,1.05,0.35,0,0,0,0,0,0,0,0,35,0,35,0,10,10,55,5
Spring,SC,4,0.5,0.25,0.7,1.05,0.35,0,0,0,0,0,0,0,0,35,0,35,0,10,10,55,5
Fall,SC,4,0.5,0.25,0.7,1.05,0.35,0,0,0,0,0,0,0,0,35,0,35,0,10,10,55,5
Winter,SC,5,0.5,0.25,1.7,2.05,0.35,0,1,0,1,0,0,0,0,35,0,30,0,0,5,70,15
Summer,SC,5,0.5,0.25,1.7,2.05,0.35,0,0,0,0,0,0,0,0,35,0,30,0,0,5,70,15
Spring,SC,5,0.5,0.25,1.7,2.05,0.35,0,0,0,0,0,0,0,0,35,0,30,0,0,5,70,15
Fall,SC,5,0.5,0.25,1.7,2.05,0.35,0,0,0,0,0,0,0,0,35,0,30,0,0,5,70,15
Winter,SH,1,0.5,0.25,x,x,3.9,0,1,0,1,0,0,0,0,8,0,8,10,5,0,0,90
Summer,SH,1,0.5,0.25,x,x,3.9,0,0,0,0,0,0,0,0,8,0,8,10,5,0,0,90
Spring,SH,1,0.5,0.25,x,x,3.9,0,0,1,1,0,0,0,0,8,0,8,10,5,0,0,90
Fall,SH,1,0.5,0.25,x,x,3.9,0,0,0,0,0,0,0,0,8,0,8,10,5,0,0,90
Winter,SH,2,0.5,0.25,x,x,1.9,0,1,0,1,0,0,0,0,27,0,15,15,8,22,50,25
Summer,SH,2,0.5,0.25,x,x,1.9,0,2,0,2,0,0,0,0,27,0,15,15,8,22,50,25
Spring,SH,2,0.5,0.25,x,x,1.9,0,2,1,3,0,0,0,0,27,0,15,15,8,22,50,25
Fall,SH,2,0.5,0.25,x,x,1.9,0,1,0,1,0,0,0,0,27,0,15,15,8,22,50,25
Winter,SH,3,0.5,0.25,x,x,6.2,0,7,5,12,0,0,0,0,25,0,20,15,5,2,0,60
Summer,SH,3,0.5,0.25,x,x,6.2,0,4,2,6,0,0,0,0,25,0,20,15,5,2,0,60
Spring,SH,3,0.5,0.25,x,x,6.2,0,9,6,15,0,0,1,3,25,0,20,15,5,2,0,60
Fall,SH,3,0.5,0.25,x,x,6.2,0,3,0,3,0,0,0,0,25,0,20,15,5,2,0,60
Winter,SH,4,0.5,0.25,x,x,0.95,0,0,0,0,0,0,0,0,5,0,3,5,8,5,10,70
Summer,SH,4,0.5,0.25,x,x,0.95,0,0,0,0,0,0,0,0,5,0,3,5,8,5,10,70
Spring,SH,4,0.5,0.25,x,x,0.95,0,0,0,0,0,0,0,0,5,0,3,5,8,5,10,70
Fall,SH,4,0.5,0.25,x,x,0.95,0,0,0,0,0,0,0,0,5,0,3,5,8,5,10,70
Winter,SH,5,0.5,0.25,x,x,1.7,0,1,0,1,0,0,0,0,90,0,0,10,0,0,0,0
Summer,SH,5,0.5,0.25,x,x,1.7,0,2,1,3,0,0,0,0,90,0,0,10,0,0,0,0
Spring,SH,5,0.5,0.25,x,x,1.7,0,1,2,3,0,0,0,0,90,0,0,10,0,0,0,0
Fall,SH,5,0.5,0.25,x,x,1.7,0,1,0,1,0,0,0,0,90,0,0,10,0,0,0,0
Winter,SR,1,0.5,1,3.65,3.9,0.25,2,1,0,1,0,0,0,0,0,0,0,0,0,0,100,2
Summer,SR,1,0.5,1,3.65,3.9,0.25,2,0,0,0,0,0,0,0,0,0,0,0,0,0,100,2
Spring,SR,1,0.5,1,3.65,3.9,0.25,4,0,0,0,0,0,0,0,0,0,0,0,0,0,100,2
Fall,SR,1,0.5,1,3.65,3.9,0.25,0,0,0,0,0,0,0,0,0,0,0,0,0,0,100,2
Winter,SR,2,0.5,1,8.9,9.9,1,4,0,0,0,0,0,0,0,0,2,1,0,0,5,40,60
Summer,SR,2,0.5,1,8.9,9.9,1,2,0,0,0,0,0,0,0,0,2,1,0,0,5,40,60
Spring,SR,2,0.5,1,8.9,9.9,1,5,0,0,0,0,0,0,0,0,2,1,0,0,5,40,60
Fall,SR,2,0.5,1,8.9,9.9,1,1,0,0,0,0,0,0,0,0,2,1,0,0,5,40,60
Winter,SR,3,0.5,1,4.5,5.8,1.3,2,1,0,1,0,0,0,0,0,0,2,0,0,0,85,15
Summer,SR,3,0.5,1,4.5,5.8,1.3,4,2,0,2,0,0,0,0,0,0,2,0,0,0,85,15
Spring,SR,3,0.5,1,4.5,5.8,1.3,1,4,0,4,0,0,0,0,0,0,2,0,0,0,85,15
Fall,SR,3,0.5,1,4.5,5.8,1.3,3,0,0,0,0,0,0,0,0,0,2,0,0,0,85,15
Winter,SR,5,0.5,1,2.3,7,4.7,0,0,0,0,0,0,0,0,0,0,0,0,0,0,100,0
Summer,SR,5,0.5,1,2.3,7,4.7,0,0,0,0,0,0,0,0,0,0,0,0,0,0,100,0
Spring,SR,5,0.5,1,2.3,7,4.7,0,0,0,0,0,0,0,0,0,0,0,0,0,0,100,0
Fall,SR,5,0.5,1,2.3,7,4.7,0,0,0,0,0,0,0,0,0,0,0,0,0,0,100,0
Winter,TI,1,0.5,0.285714286,0.7,1.3,0.6,0,0,0,0,0,0,0,0,100,0,80,0,0,0,30,0
Summer,TI,1,0.5,0.285714286,0.7,1.3,0.6,0,0,0,0,0,0,0,0,100,0,80,0,0,0,30,0
Spring,TI,1,0.5,0.285714286,0.7,1.3,0.6,0,0,1,1,0,0,0,0,100,0,80,0,0,0,30,0
Fall,TI,1,0.5,0.285714286,0.7,1.3,0.6,0,0,0,0,0,0,0,0,100,0,80,0,0,0,30,0
Winter,TI,2,0.5,0.285714286,1.5,2,0.5,0,0,0,0,0,0,0,0,80,0,0,1,0,0,100,0
Summer,TI,2,0.5,0.285714286,1.5,2,0.5,0,0,0,0,0,0,0,0,80,0,0,1,0,0,100,0
Spring,TI,2,0.5,0.285714286,1.5,2,0.5,0,0,0,0,0,0,0,0,80,0,0,1,0,0,100,0
Fall,TI,2,0.5,0.285714286,1.5,2,0.5,0,0,0,0,0,0,0,0,80,0,0,1,0,0,100,0
Winter,TI,3,0.5,0.285714286,1.2,2.4,1.2,3,1,0,1,0,0,0,0,70,0,20,10,0,0,30,5
Summer,TI,3,0.5,0.285714286,1.2,2.4,1.2,1,1,0,1,0,0,0,0,70,0,20,10,0,0,30,5
Spring,TI,3,0.5,0.285714286,1.2,2.4,1.2,4,1,0,1,0,0,0,0,70,0,20,10,0,0,30,5
Fall,TI,3,0.5,0.285714286,1.2,2.4,1.2,1,0,0,0,0,0,0,0,70,0,20,10,0,0,30,5
Winter,TI,4,0.5,0.285714286,1.3,1.8,0.5,2,0,0,0,0,0,0,0,70,0,10,0,0,0,40,0
Summer,TI,4,0.5,0.285714286,1.3,1.8,0.5,1,0,0,0,0,0,0,0,70,0,10,0,0,0,40,0
Spring,TI,4,0.5,0.285714286,1.3,1.8,0.5,1,0,0,0,0,0,0,0,70,0,10,0,0,0,40,0
Fall,TI,4,0.5,0.285714286,1.3,1.8,0.5,1,0,0,0,0,0,0,0,70,0,10,0,0,0,40,0
Winter,TI,5,0.5,0.285714286,0.75,1.1,0.35,0,0,0,0,0,0,0,0,70,0,20,15,0,0,40,0
Summer,TI,5,0.5,0.285714286,0.75,1.1,0.35,3,0,0,0,0,0,0,0,70,0,20,15,0,0,40,0
Spring,TI,5,0.5,0.285714286,0.75,1.1,0.35,2,0,0,0,0,0,0,0,70,0,20,15,0,0,40,0
Fall,TI,5,0.5,0.285714286,0.75,1.1,0.35,0,0,0,0,0,0,0,0,70,0,20,15,0,0,40,0
Winter,TS,1,0.5,0.285714286,0.9,1.6,0.7,0,0,0,0,0,0,0,0,30,0,2,10,0,5,40,5
Summer,TS,1,0.5,0.285714286,0.9,1.6,0.7,0,0,0,0,0,0,0,0,30,0,2,10,0,5,40,5
Spring,TS,1,0.5,0.285714286,0.9,1.6,0.7,0,0,0,0,0,0,0,0,30,0,2,10,0,5,40,5
Fall,TS,1,0.5,0.285714286,0.9,1.6,0.7,0,0,0,0,0,0,0,0,30,0,2,10,0,5,40,5
Winter,TS,2,0.5,0.285714286,1,2.2,1.2,0,0,0,0,0,0,0,0,100,0,0,0,0,0,60,0
Summer,TS,2,0.5,0.285714286,1,2.2,1.2,0,0,0,0,0,0,0,0,100,0,0,0,0,0,60,0
Spring,TS,2,0.5,0.285714286,1,2.2,1.2,0,0,0,0,0,0,0,0,100,0,0,0,0,0,60,0
Fall,TS,2,0.5,0.285714286,1,2.2,1.2,0,0,0,0,0,0,0,0,100,0,0,0,0,0,60,0
Winter,TS,3,0.5,0.285714286,1.9,7.5,5.6,14,3,1,4,0,0,0,0,95,0,10,5,0,0,10,0
Summer,TS,3,0.5,0.285714286,1.9,7.5,5.6,9,4,0,4,0,0,0,0,95,0,10,5,0,0,10,0
Spring,TS,3,0.5,0.285714286,1.9,7.5,5.6,11,6,0,6,0,0,0,0,95,0,10,5,0,0,10,0
Fall,TS,3,0.5,0.285714286,1.9,7.5,5.6,6,1,0,1,0,0,0,0,95,0,10,5,0,0,10,0
Winter,TS,4,0.5,0.285714286,2.2,7.5,5.3,16,1,0,1,0,0,0,0,100,0,0,1,0,0,70,0
Summer,TS,4,0.5,0.285714286,2.2,7.5,5.3,21,3,0,3,0,0,0,0,100,0,0,1,0,0,70,0
Spring,TS,4,0.5,0.285714286,2.2,7.5,5.3,25,6,0,6,0,0,0,0,100,0,0,1,0,0,70,0
Fall,TS,4,0.5,0.285714286,2.2,7.5,5.3,10,1,0,1,0,0,0,0,100,0,0,1,0,0,70,0
Winter,TS,5,0.5,0.285714286,2.3,3,0.7,1,0,0,0,0,0,0,0,5,0,0,0,0,0,70,20
Summer,TS,5,0.5,0.285714286,2.3,3,0.7,1,0,0,0,0,0,0,0,5,0,0,0,0,0,70,20
Spring,TS,5,0.5,0.285714286,2.3,3,0.7,2,0,0,0,0,0,0,0,5,0,0,0,0,0,70,20
Fall,TS,5,0.5,0.285714286,2.3,3,0.7,1,0,0,0,0,0,0,0,5,0,0,0,0,0,70,20
Winter,CC,1,0.25,0.166666667,-1,1.1,2.1,0,0,0,0,0,0,0,0,0,0,0,0,10,5,100,0
Summer,CC,1,0.25,0.166666667,-1,1.1,2.1,0,0,0,0,0,0,0,0,0,0,0,0,10,5,100,0
Spring,CC,1,0.25,0.166666667,-1,1.1,2.1,0,0,0,0,0,0,0,0,0,0,0,0,10,5,100,0
Fall,CC,1,0.25,0.166666667,-1,1.1,2.1,0,0,0,0,0,0,0,0,0,0,0,0,10,5,100,0
Winter,CC,2,0.25,0.166666667,0.55,4.2,3.65,0,4,1,5,0,0,0,0,60,0,10,15,5,0,10,10
Summer,CC,2,0.25,0.166666667,0.55,4.2,3.65,0,3,2,5,0,0,0,0,60,0,10,15,5,0,10,10
Spring,CC,2,0.25,0.166666667,0.55,4.2,3.65,0,6,3,9,0,0,0,0,60,0,10,15,5,0,10,10
Fall,CC,2,0.25,0.166666667,0.55,4.2,3.65,0,3,1,4,0,0,0,0,60,0,10,15,5,0,10,10
Winter,CC,3,0.25,0.166666667,0,0.7,0.7,0,0,0,0,0,0,0,0,0,0,0,0,10,0,85,5
Summer,CC,3,0.25,0.166666667,0,0.7,0.7,0,0,0,0,0,0,0,0,0,0,0,0,10,0,85,5
Spring,CC,3,0.25,0.166666667,0,0.7,0.7,0,0,0,0,0,0,0,0,0,0,0,0,10,0,85,5
Fall,CC,3,0.25,0.166666667,0,0.7,0.7,0,0,0,0,0,0,0,0,0,0,0,0,10,0,85,5
Winter,CC,4,0.25,0.166666667,5.3,12.6,7.3,0,1,1,2,0,0,0,0,50,0,25,5,20,0,40,5
Summer,CC,4,0.25,0.166666667,5.3,12.6,7.3,0,2,0,2,0,0,0,0,50,0,25,5,20,0,40,5
Spring,CC,4,0.25,0.166666667,5.3,12.6,7.3,0,2,2,4,0,0,0,0,50,0,25,5,20,0,40,5
Fall,CC,4,0.25,0.166666667,5.3,12.6,7.3,0,1,0,1,0,0,0,0,50,0,25,5,20,0,40,5
Winter,CC,5,0.25,0.166666667,0,10.9,10.9,0,6,1,7,0,0,0,0,45,0,0,0,0,10,90,0
Summer,CC,5,0.25,0.166666667,0,10.9,10.9,0,4,1,5,0,0,0,0,45,0,0,0,0,10,90,0
Spring,CC,5,0.25,0.166666667,0,10.9,10.9,0,10,6,16,0,0,0,0,45,0,0,0,0,10,90,0
Fall,CC,5,0.25,0.166666667,0,10.9,10.9,0,3,0,3,0,0,0,0,45,0,0,0,0,10,90,0
Winter,CR,1,0.25,0.5,0.45,0.8,0.35,0,0,0,0,0,0,0,0,25,0,50,30,0,15,0,0
Summer,CR,1,0.25,0.5,0.45,0.8,0.35,0,0,0,0,0,0,0,0,25,0,50,30,0,15,0,0
Spring,CR,1,0.25,0.5,0.45,0.8,0.35,0,0,0,0,0,0,0,0,25,0,50,30,0,15,0,0
Fall,CR,1,0.25,0.5,0.45,0.8,0.35,0,0,0,0,0,0,0,0,25,0,50,30,0,15,0,0
Winter,CR,2,0.25,0.5,0.3,0.55,0.25,0,0,0,0,0,0,0,0,25,0,5,50,0,10,0,0
Summer,CR,2,0.25,0.5,0.3,0.55,0.25,0,0,0,0,0,0,0,0,25,0,5,50,0,10,0,0
Spring,CR,2,0.25,0.5,0.3,0.55,0.25,0,0,0,0,0,0,0,0,25,0,5,50,0,10,0,0
Fall,CR,2,0.25,0.5,0.3,0.55,0.25,0,0,0,0,0,0,0,0,25,0,5,50,0,10,0,0
Winter,CR,3,0.25,0.5,4.95,5.3,0.35,2,0,0,0,0,0,0,0,10,0,0,0,20,50,10,50
Summer,CR,3,0.25,0.5,4.95,5.3,0.35,1,0,0,0,0,0,0,0,10,0,0,0,20,50,10,50
Spring,CR,3,0.25,0.5,4.95,5.3,0.35,2,1,0,1,0,0,0,0,10,0,0,0,20,50,10,50
Fall,CR,3,0.25,0.5,4.95,5.3,0.35,1,0,0,0,0,0,0,0,10,0,0,0,20,50,10,50
Winter,CR,4,0.25,0.5,0.55,0.65,0.1,0,0,0,0,0,0,0,0,10,0,50,20,20,10,0,30
Summer,CR,4,0.25,0.5,0.55,0.65,0.1,0,0,0,0,0,0,0,0,10,0,50,20,20,10,0,30
Spring,CR,4,0.25,0.5,0.55,0.65,0.1,0,0,0,0,0,0,0,0,10,0,50,20,20,10,0,30
Fall,CR,4,0.25,0.5,0.55,0.65,0.1,0,0,0,0,0,0,0,0,10,0,50,20,20,10,0,30
Winter,CR,5,0.25,0.5,0.45,5.4,0.5,3,1,1,2,0,0,0,0,45,0,50,20,20,0,0,10
Summer,CR,5,0.25,0.5,0.45,5.4,0.5,4,0,0,0,0,0,0,0,45,0,50,20,20,0,0,10
Spring,CR,5,0.25,0.5,0.45,5.4,0.5,7,9,0,9,1,0,0,0,45,0,50,20,20,0,0,10
Fall,CR,5,0.25,0.5,0.45,5.4,0.5,5,0,0,0,0,0,0,0,45,0,50,20,20,0,0,10
Winter,DP,1,0.25,0.2,0.975,2.25,1.275,0,0,0,0,0,0,0,0,0,0,0,0,0,1,95,4
Summer,DP,1,0.25,0.2,0.975,2.25,1.275,0,0,0,0,0,0,0,0,0,0,0,0,0,1,95,4
Spring,DP,1,0.25,0.2,0.975,2.25,1.275,0,0,0,0,0,0,0,0,0,0,0,0,0,1,95,4
Fall,DP,1,0.25,0.2,0.975,2.25,1.275,0,0,0,0,0,0,0,0,0,0,0,0,0,1,95,4
Winter,DP,2,0.25,0.2,0,0.7,0.7,0,0,0,0,0,0,0,0,0,0,0,0,0,10,95,5
Summer,DP,2,0.25,0.2,0,0.7,0.7,0,1,0,1,0,0,0,0,0,0,0,0,0,10,95,5
Spring,DP,2,0.25,0.2,0,0.7,0.7,0,0,1,1,0,0,0,0,0,0,0,0,0,10,95,5
Fall,DP,2,0.25,0.2,0,0.7,0.7,0,0,0,0,0,0,0,0,0,0,0,0,0,10,95,5
Winter,DP,3,0.25,0.2,0,0.8,0.8,0,0,0,0,0,0,0,0,0,0,1,0,0,0,100,0
Summer,DP,3,0.25,0.2,0,0.8,0.8,0,0,0,0,0,0,0,0,0,0,1,0,0,0,100,0
Spring,DP,3,0.25,0.2,0,0.8,0.8,0,0,0,0,0,0,0,0,0,0,1,0,0,0,100,0
Fall,DP,3,0.25,0.2,0,0.8,0.8,0,0,0,0,0,0,0,0,0,0,1,0,0,0,100,0
Winter,DP,4,0.25,0.2,1,1.3,0.3,0,0,0,0,0,0,0,0,0,0,0,5,0,10,90,5
Summer,DP,4,0.25,0.2,1,1.3,0.3,0,0,0,0,0,0,0,0,0,0,0,5,0,10,90,5
Spring,DP,4,0.25,0.2,1,1.3,0.3,0,0,0,0,0,0,0,1,0,0,0,5,0,10,90,5
Fall,DP,4,0.25,0.2,1,1.3,0.3,0,0,0,0,0,0,0,0,0,0,0,5,0,10,90,5
Winter,DP,5,0.25,0.2,1,2.3,1.3,0,0,0,0,0,0,0,0,0,0,0,0,0,10,95,5
Summer,DP,5,0.25,0.2,1,2.3,1.3,0,0,0,0,0,0,0,0,0,0,0,0,0,0,100,0
Spring,DP,5,0.25,0.2,1,2.3,1.3,0,0,0,0,0,1,1,0,0,0,0,0,0,10,95,5
Fall,DP,5,0.25,0.2,1,2.3,1.3,0,0,0,0,0,0,0,0,0,0,0,0,0,10,95,5
Winter,HP,1,0.25,0.142857143,0.4,1.35,0.95,0,0,0,0,0,0,0,0,0,0,0,0,20,0,95,0
Summer,HP,1,0.25,0.142857143,0.4,1.35,0.95,0,0,0,0,0,0,0,0,0,0,0,0,20,0,95,0
Spring,HP,1,0.25,0.142857143,0.4,1.35,0.95,0,0,0,0,0,0,0,0,0,0,0,0,20,0,95,0
Fall,HP,1,0.25,0.142857143,0.4,1.35,0.95,0,0,0,0,0,0,0,0,0,0,0,0,20,0,95,0
Winter,HP,2,0.25,0.142857143,5.6,6.3,0.7,0,0,0,0,0,0,0,0,0,0,0,0,2,5,50,0
Summer,HP,2,0.25,0.142857143,5.6,6.3,0.7,0,0,0,0,0,0,0,2,0,0,0,0,2,5,50,0
Spring,HP,2,0.25,0.142857143,5.6,6.3,0.7,0,0,0,0,0,0,0,0,0,0,0,0,2,5,50,0
Fall,HP,2,0.25,0.142857143,5.6,6.3,0.7,0,0,0,0,0,0,0,0,0,0,0,0,2,5,50,0
Winter,HP,3,0.25,0.142857143,5.3,8.4,3.1,0,0,0,0,0,0,0,0,0,2,1,0,20,0,30,0
Summer,HP,3,0.25,0.142857143,5.3,8.4,3.1,0,0,0,0,0,0,0,1,0,2,1,0,20,0,30,0
Spring,HP,3,0.25,0.142857143,5.3,8.4,3.1,0,0,0,0,0,0,0,0,0,2,1,0,20,0,30,0
Fall,HP,3,0.25,0.142857143,5.3,8.4,3.1,0,0,0,0,0,0,0,0,0,2,1,0,20,0,30,0
Winter,HP,4,0.25,0.142857143,5.6,6.3,0.7,0,0,0,0,0,0,0,0,0,0,5,0,2,10,0,95
Summer,HP,4,0.25,0.142857143,5.6,6.3,0.7,0,0,0,0,0,0,0,0,0,0,5,0,2,10,0,95
Spring,HP,4,0.25,0.142857143,5.6,6.3,0.7,0,0,0,0,0,0,0,0,0,0,5,0,2,10,0,95
Fall,HP,4,0.25,0.142857143,5.6,6.3,0.7,0,0,0,0,0,0,0,0,0,0,5,0,2,10,0,95
Winter,HP,5,0.25,0.142857143,6,17.7,11.7,0,0,0,0,0,0,0,0,0,0,10,0,20,25,0,45
Summer,HP,5,0.25,0.142857143,6,17.7,11.7,0,0,0,0,0,0,1,1,0,0,10,0,20,25,0,45
Spring,HP,5,0.25,0.142857143,6,17.7,11.7,0,0,0,0,0,0,0,0,0,0,10,0,20,25,0,45
Fall,HP,5,0.25,0.142857143,6,17.7,11.7,0,0,0,0,0,0,0,0,0,0,10,0,20,25,0,45
Winter,LC,1,0.25,0.25,0.5,1.05,0.55,0,0,0,0,0,0,0,0,3,0,0,0,2,0,90,0
Summer,LC,1,0.25,0.25,0.5,1.05,0.55,0,0,0,0,0,0,0,0,3,0,0,0,2,0,90,0
Spring,LC,1,0.25,0.25,0.5,1.05,0.55,0,0,0,0,0,0,0,0,3,0,0,0,2,0,90,0
Fall,LC,1,0.25,0.25,0.5,1.05,0.55,0,0,0,0,0,0,0,0,3,0,0,0,2,0,90,0
Winter,LC,2,0.25,0.25,0.35,0.5,0.15,0,0,0,0,0,0,0,0,0,0,1,0,0,0,90,0
Summer,LC,2,0.25,0.25,0.35,0.5,0.15,0,0,0,0,0,0,0,0,0,0,1,0,0,0,90,0
Spring,LC,2,0.25,0.25,0.35,0.5,0.15,0,0,0,0,0,0,0,0,0,0,1,0,0,0,90,0
Fall,LC,2,0.25,0.25,0.35,0.5,0.15,0,0,0,0,0,0,0,0,0,0,1,0,0,0,90,0
Winter,LC,3,0.25,0.25,0.3,0.75,0.45,0,0,0,0,0,0,0,0,0,0,10,0,0,0,30,60
Summer,LC,3,0.25,0.25,0.3,0.75,0.45,0,0,0,0,0,0,0,0,0,0,10,0,0,0,30,60
Spring,LC,3,0.25,0.25,0.3,0.75,0.45,0,0,0,0,0,0,0,0,0,0,10,0,0,0,30,60
Fall,LC,3,0.25,0.25,0.3,0.75,0.45,0,0,0,0,0,0,0,0,0,0,10,0,0,0,30,60
Winter,LC,4,0.25,0.25,0.3,0.6125,0.3125,0,0,0,0,0,0,0,0,0,0,0,0,0,0,100,0
Summer,LC,4,0.25,0.25,0.3,0.6125,0.3125,0,0,0,0,0,0,0,0,0,0,0,0,0,0,100,0
Spring,LC,4,0.25,0.25,0.3,0.6125,0.3125,0,0,0,0,0,0,0,0,0,0,0,0,0,0,100,0
Fall,LC,4,0.25,0.25,0.3,0.6125,0.3125,0,0,0,0,0,0,0,0,0,0,0,0,0,0,100,0
Winter,LC,5,0.25,0.25,0.4,0.7,0.3,0,0,0,0,0,0,0,0,0,0,0,0,0,0,100,0
Summer,LC,5,0.25,0.25,0.4,0.7,0.3,0,0,0,0,0,0,0,0,0,0,0,0,0,0,100,0
Spring,LC,5,0.25,0.25,0.4,0.7,0.3,0,0,0,0,0,0,0,0,0,0,0,0,0,0,100,0
Fall,LC,5,0.25,0.25,0.4,0.7,0.3,0,0,0,0,0,0,0,0,0,0,0,0,0,0,100,0
Winter,SC,1,0.25,0.125,0.35,0.7,0.35,0,0,0,0,0,0,0,0,0,0,0,0,0,10,50,40
Summer,SC,1,0.25,0.125,0.35,0.7,0.35,0,0,0,0,0,0,0,0,0,0,0,0,0,10,50,40
Spring,SC,1,0.25,0.125,0.35,0.7,0.35,0,0,0,0,0,0,0,0,0,0,0,0,0,10,50,40
Fall,SC,1,0.25,0.125,0.35,0.7,0.35,0,0,0,0,0,0,0,0,0,0,0,0,0,10,50,40
Winter,SC,2,0.25,0.125,0.3,0.75,0.45,0,0,2,2,0,0,0,0,0,0,0,0,10,5,80,0
Summer,SC,2,0.25,0.125,0.3,0.75,0.45,0,1,0,1,0,0,0,0,0,0,0,0,10,5,80,0
Spring,SC,2,0.25,0.125,0.3,0.75,0.45,0,1,1,2,0,0,0,0,0,0,0,0,10,5,80,0
Fall,SC,2,0.25,0.125,0.3,0.75,0.45,0,1,0,1,0,0,0,0,0,0,0,0,10,5,80,0
Winter,SC,3,0.25,0.125,0.6,3.7,3.1,3,2,0,2,0,0,0,0,0,0,10,0,0,0,40,50
Summer,SC,3,0.25,0.125,0.6,3.7,3.1,2,4,0,4,0,0,0,0,0,0,10,0,0,0,40,50
Spring,SC,3,0.25,0.125,0.6,3.7,3.1,3,9,1,10,0,0,0,0,0,0,10,0,0,0,40,50
Fall,SC,3,0.25,0.125,0.6,3.7,3.1,1,0,0,0,0,0,0,0,0,0,10,0,0,0,40,50
Winter,SC,4,0.25,0.125,0.45,0.7,0.25,1,0,0,0,0,0,0,0,0,0,0,0,0,0,100,0
Summer,SC,4,0.25,0.125,0.45,0.7,0.25,0,0,0,0,0,0,0,0,0,0,0,0,0,0,100,0
Spring,SC,4,0.25,0.125,0.45,0.7,0.25,2,0,0,0,0,0,0,0,0,0,0,0,0,0,100,0
Fall,SC,4,0.25,0.125,0.45,0.7,0.25,0,0,0,0,0,0,0,0,0,0,0,0,0,0,100,0
Winter,SC,5,0.25,0.125,1.3,1.7,0.4,0,0,2,2,0,0,0,0,15,0,15,0,10,5,80,15
Summer,SC,5,0.25,0.125,1.3,1.7,0.4,0,1,0,1,0,0,0,0,15,0,15,0,10,5,80,15
Spring,SC,5,0.25,0.125,1.3,1.7,0.4,0,1,0,1,0,0,0,0,15,0,15,0,10,5,80,15
Fall,SC,5,0.25,0.125,1.3,1.7,0.4,0,0,1,1,0,0,0,0,15,0,15,0,10,5,80,15
Winter,SH,1,0.25,0.125,x,x,0.3,0,0,0,0,0,0,0,0,1,0,4,0,12,6,5,90
Summer,SH,1,0.25,0.125,x,x,0.3,0,0,0,0,0,0,0,0,1,0,4,0,12,6,5,90
Spring,SH,1,0.25,0.125,x,x,0.3,0,0,0,0,0,0,0,0,1,0,4,0,12,6,5,90
Fall,SH,1,0.25,0.125,x,x,0.3,0,0,0,0,0,0,0,0,1,0,4,0,12,6,5,90
Winter,SH,2,0.25,0.125,x,x,1.9,0,0,0,0,0,0,0,0,3,0,1,0,7,1,90,2
Summer,SH,2,0.25,0.125,x,x,1.9,0,1,0,1,0,0,0,0,3,0,1,0,7,1,90,2
Spring,SH,2,0.25,0.125,x,x,1.9,0,0,1,1,0,0,0,0,3,0,1,0,7,1,90,2
Fall,SH,2,0.25,0.125,x,x,1.9,0,0,0,0,0,0,0,0,3,0,1,0,7,1,90,2
Winter,SH,3,0.25,0.125,x,x,1.2,0,1,1,2,0,0,0,0,0,0,0,0,10,0,100,5
Summer,SH,3,0.25,0.125,x,x,1.2,0,2,0,2,0,0,0,0,0,0,0,0,10,0,100,5
Spring,SH,3,0.25,0.125,x,x,1.2,0,0,4,4,0,0,0,0,0,0,0,0,10,0,100,5
Fall,SH,3,0.25,0.125,x,x,1.2,0,0,1,1,0,0,0,0,0,0,0,0,10,0,100,5
Winter,SH,4,0.25,0.125,x,x,0.25,0,0,0,0,0,0,0,0,0,0,2,1,5,2,80,20
Summer,SH,4,0.25,0.125,x,x,0.25,0,0,0,0,0,0,0,0,0,0,2,1,5,2,80,20
Spring,SH,4,0.25,0.125,x,x,0.25,0,0,0,0,0,0,0,0,0,0,2,1,5,2,80,20
Fall,SH,4,0.25,0.125,x,x,0.25,0,0,0,0,0,0,0,0,0,0,2,1,5,2,80,20
Winter,SH,5,0.25,0.125,x,x,7.2,0,19,20,39,0,0,0,0,65,0,0,0,15,0,100,0
Summer,SH,5,0.25,0.125,x,x,7.2,0,21,25,46,0,0,0,0,65,0,0,0,15,0,100,0
Spring,SH,5,0.25,0.125,x,x,7.2,0,25,41,66,0,0,0,0,65,0,0,0,15,0,100,0
Fall,SH,5,0.25,0.125,x,x,7.2,0,22,12,34,0,0,0,0,65,0,0,0,15,0,100,0
Winter,SR,1,0.25,0.5,0.4,3.65,3.25,0,0,0,0,0,0,0,0,0,0,0,0,0,0,95,5
Summer,SR,1,0.25,0.5,0.4,3.65,3.25,0,0,0,0,0,0,0,0,0,0,0,0,0,0,95,5
Spring,SR,1,0.25,0.5,0.4,3.65,3.25,0,0,0,0,0,0,0,0,0,0,0,0,0,0,95,5
Fall,SR,1,0.25,0.5,0.4,3.65,3.25,0,0,0,0,0,0,0,0,0,0,0,0,0,0,95,5
Winter,SR,2,0.25,0.5,0.6,8.9,8.3,2,0,0,0,0,0,0,0,0,0,0,0,0,0,100,0
Summer,SR,2,0.25,0.5,0.6,8.9,8.3,0,0,0,0,0,0,0,0,0,0,0,0,0,0,100,0
Spring,SR,2,0.25,0.5,0.6,8.9,8.3,1,0,0,0,1,1,0,0,0,0,0,0,0,0,100,0
Fall,SR,2,0.25,0.5,0.6,8.9,8.3,0,0,0,0,0,0,0,0,0,0,0,0,0,0,100,0
Winter,SR,3,0.25,0.5,1.6,4.5,2.9,0,0,1,1,0,0,0,0,0,0,0,0,0,0,100,0
Summer,SR,3,0.25,0.5,1.6,4.5,2.9,1,0,0,0,0,0,0,0,0,0,0,0,0,0,100,0
Spring,SR,3,0.25,0.5,1.6,4.5,2.9,0,1,0,1,1,0,0,0,0,0,0,0,0,0,100,0
Fall,SR,3,0.25,0.5,1.6,4.5,2.9,0,0,0,0,0,0,0,0,0,0,0,0,0,0,100,0
Winter,SR,4,0.25,0.5,6,6.9,0.9,0,0,0,0,0,0,0,0,0,0,1,0,0,0,5,95
Summer,SR,4,0.25,0.5,6,6.9,0.9,3,0,0,0,0,0,0,0,0,0,1,0,0,0,5,95
Spring,SR,4,0.25,0.5,6,6.9,0.9,1,0,0,0,0,0,0,0,0,0,1,0,0,0,5,95
Fall,SR,4,0.25,0.5,6,6.9,0.9,0,0,0,0,0,0,0,0,0,0,1,0,0,0,5,95
Winter,SR,5,0.25,0.5,1.2,2.3,1.1,0,0,0,0,0,0,0,0,0,0,0,0,0,0,98,2
Summer,SR,5,0.25,0.5,1.2,2.3,1.1,0,1,0,1,0,0,0,0,0,0,0,0,0,0,98,2
Spring,SR,5,0.25,0.5,1.2,2.3,1.1,0,0,0,0,0,0,0,0,0,0,0,0,0,0,98,2
Fall,SR,5,0.25,0.5,1.2,2.3,1.1,0,0,0,0,0,0,0,0,0,0,0,0,0,0,98,2
Winter,TI,1,0.25,0.142857143,0.4,0.7,0.3,0,0,0,0,0,0,0,0,100,0,0,0,0,0,100,0
Summer,TI,1,0.25,0.142857143,0.4,0.7,0.3,0,0,0,0,0,0,0,0,100,0,0,0,0,0,100,0
Spring,TI,1,0.25,0.142857143,0.4,0.7,0.3,0,0,0,0,0,0,0,0,100,0,0,0,0,0,100,0
Fall,TI,1,0.25,0.142857143,0.4,0.7,0.3,0,0,0,0,0,0,0,0,100,0,0,0,0,0,100,0
Winter,TI,2,0.25,0.142857143,0.3,1.5,1.2,0,0,0,0,0,0,0,0,85,0,0,0,0,0,100,0
Summer,TI,2,0.25,0.142857143,0.3,1.5,1.2,0,0,0,0,0,0,0,0,85,0,0,0,0,0,100,0
Spring,TI,2,0.25,0.142857143,0.3,1.5,1.2,0,0,0,0,0,0,0,0,85,0,0,0,0,0,100,0
Fall,TI,2,0.25,0.142857143,0.3,1.5,1.2,0,0,0,0,0,0,0,0,85,0,0,0,0,0,100,0
Winter,TI,3,0.25,0.142857143,0.5,1.2,0.7,2,0,0,0,0,0,0,0,35,0,5,5,0,0,85,0
Summer,TI,3,0.25,0.142857143,0.5,1.2,0.7,0,0,0,0,0,0,0,0,35,0,5,5,0,0,85,0
Spring,TI,3,0.25,0.142857143,0.5,1.2,0.7,1,0,0,0,0,0,0,0,35,0,5,5,0,0,85,0
Fall,TI,3,0.25,0.142857143,0.5,1.2,0.7,0,0,0,0,0,0,0,0,35,0,5,5,0,0,85,0
Winter,TI,4,0.25,0.142857143,0.6,1.3,0.7,1,1,0,1,0,0,0,0,30,0,3,0,0,0,80,2
Summer,TI,4,0.25,0.142857143,0.6,1.3,0.7,2,0,1,1,0,0,0,0,30,0,3,0,0,0,80,2
Spring,TI,4,0.25,0.142857143,0.6,1.3,0.7,1,0,3,3,0,0,0,0,30,0,3,0,0,0,80,2
Fall,TI,4,0.25,0.142857143,0.6,1.3,0.7,0,0,0,0,0,0,0,0,30,0,3,0,0,0,80,2
Winter,TI,5,0.25,0.142857143,0.4,0.75,0.35,1,1,0,1,0,0,0,0,100,0,0,0,0,0,60,0
Summer,TI,5,0.25,0.142857143,0.4,0.75,0.35,1,0,0,0,0,0,0,0,100,0,0,0,0,0,60,0
Spring,TI,5,0.25,0.142857143,0.4,0.75,0.35,2,1,0,1,0,0,0,0,100,0,0,0,0,0,60,0
Fall,TI,5,0.25,0.142857143,0.4,0.75,0.35,1,0,0,0,0,0,0,0,100,0,0,0,0,0,60,0
Winter,TS,1,0.25,0.142857143,0.5,0.9,0.4,0,1,0,1,0,0,0,0,40,0,5,0,0,0,30,0
Summer,TS,1,0.25,0.142857143,0.5,0.9,0.4,1,0,0,0,0,0,0,0,40,0,5,0,0,0,30,0
Spring,TS,1,0.25,0.142857143,0.5,0.9,0.4,1,0,0,0,0,0,0,0,40,0,5,0,0,0,30,0
Fall,TS,1,0.25,0.142857143,0.5,0.9,0.4,0,0,0,0,0,0,0,0,40,0,5,0,0,0,30,0
Winter,TS,2,0.25,0.142857143,0.5,1,0.5,0,0,0,0,0,0,0,0,100,0,0,0,0,0,60,0
Summer,TS,2,0.25,0.142857143,0.5,1,0.5,0,0,0,0,0,0,0,0,100,0,0,0,0,0,60,0
Spring,TS,2,0.25,0.142857143,0.5,1,0.5,0,0,0,0,0,0,0,0,100,0,0,0,0,0,60,0
Fall,TS,2,0.25,0.142857143,0.5,1,0.5,0,0,0,0,0,0,0,0,100,0,0,0,0,0,60,0
Winter,TS,3,0.25,0.142857143,0.4,1.9,1.5,0,0,0,0,0,0,0,0,100,0,0,0,0,0,80,0
Summer,TS,3,0.25,0.142857143,0.4,1.9,1.5,0,0,1,1,0,0,0,0,100,0,0,0,0,0,80,0
Spring,TS,3,0.25,0.142857143,0.4,1.9,1.5,0,0,0,0,0,0,0,0,100,0,0,0,0,0,80,0
Fall,TS,3,0.25,0.142857143,0.4,1.9,1.5,0,0,1,1,0,0,0,0,100,0,0,0,0,0,80,0
Winter,TS,4,0.25,0.142857143,0.4,2.2,1.8,0,0,0,0,0,0,0,0,100,0,0,0,0,0,40,0
Summer,TS,4,0.25,0.142857143,0.4,2.2,1.8,0,0,0,0,0,0,0,0,100,0,0,0,0,0,40,0
Spring,TS,4,0.25,0.142857143,0.4,2.2,1.8,0,0,0,0,0,0,0,0,100,0,0,0,0,0,40,0
Fall,TS,4,0.25,0.142857143,0.4,2.2,1.8,0,0,0,0,0,0,0,0,100,0,0,0,0,0,40,0
Winter,TS,5,0.25,0.142857143,0.8,2.3,1.5,2,0,0,0,1,0,1,0,70,0,0,30,0,10,20,0
Summer,TS,5,0.25,0.142857143,0.8,2.3,1.5,1,0,0,0,0,0,0,0,70,0,0,30,0,10,20,0
Spring,TS,5,0.25,0.142857143,0.8,2.3,1.5,3,0,0,0,0,0,0,0,70,0,0,30,0,10,20,0
Fall,TS,5,0.25,0.142857143,0.8,2.3,1.5,1,0,0,0,0,0,0,0,70,0,0,30,0,10,20,0
Winter,CC,1,0,0,-1.5,-1,0.5,0,0,0,0,0,0,0,0,0,0,0,0,0,0,100,0
Summer,CC,1,0,0,-1.5,-1,0.5,0,0,0,0,0,0,0,0,0,0,0,0,0,0,100,0
Spring,CC,1,0,0,-1.5,-1,0.5,0,0,0,0,0,0,0,0,0,0,0,0,0,0,100,0
Fall,CC,1,0,0,-1.5,-1,0.5,0,0,0,0,0,0,0,0,0,0,0,0,0,0,100,0
Winter,CC,2,0,0,0.2,0.55,0.35,0,0,0,0,0,0,0,0,0,0,0,0,2,0,95,2
Summer,CC,2,0,0,0.2,0.55,0.35,0,0,0,0,0,0,0,0,0,0,0,0,2,0,95,2
Spring,CC,2,0,0,0.2,0.55,0.35,0,0,0,0,0,0,0,0,0,0,0,0,2,0,95,2
Fall,CC,2,0,0,0.2,0.55,0.35,0,0,0,0,0,0,0,0,0,0,0,0,2,0,95,2
Winter,CC,3,0,0,-0.25,0,0.25,0,0,0,0,0,0,0,0,0,0,0,0,0,0,100,0
Summer,CC,3,0,0,-0.25,0,0.25,0,0,0,0,0,0,0,0,0,0,0,0,0,0,100,0
Spring,CC,3,0,0,-0.25,0,0.25,0,0,0,0,0,0,0,0,0,0,0,0,0,0,100,0
Fall,CC,3,0,0,-0.25,0,0.25,0,0,0,0,0,0,0,0,0,0,0,0,0,0,100,0
Winter,CC,4,0,0,0.2,5.3,5.1,0,8,0,8,0,0,0,0,0,0,2,0,5,5,50,40
Summer,CC,4,0,0,0.2,5.3,5.1,0,14,0,14,0,0,0,0,0,0,2,0,5,5,50,40
Spring,CC,4,0,0,0.2,5.3,5.1,0,12,0,12,0,0,0,0,0,0,2,0,5,5,50,40
Fall,CC,4,0,0,0.2,5.3,5.1,0,7,0,7,0,0,0,0,0,0,2,0,5,5,50,40
Winter,CC,5,0,0,-0.25,0,0.25,0,0,0,0,0,0,0,0,0,0,0,0,0,0,100,0
Summer,CC,5,0,0,-0.25,0,0.25,0,0,0,0,0,0,0,0,0,0,0,0,0,0,100,0
Spring,CC,5,0,0,-0.25,0,0.25,0,0,0,0,0,0,0,0,0,0,0,0,0,0,100,0
Fall,CC,5,0,0,-0.25,0,0.25,0,0,0,0,0,0,0,0,0,0,0,0,0,0,100,0
Winter,CR,1,0,0,0,0.45,0.45,0,0,0,0,0,0,0,0,0,0,0,5,0,50,0,45
Summer,CR,1,0,0,0,0.45,0.45,0,0,0,0,0,0,0,0,0,0,0,5,0,50,0,45
Spring,CR,1,0,0,0,0.45,0.45,0,0,0,0,0,0,0,0,0,0,0,5,0,50,0,45
Fall,CR,1,0,0,0,0.45,0.45,0,0,0,0,0,0,0,0,0,0,0,5,0,50,0,45
Winter,CR,2,0,0,0,0.3,0.3,0,0,0,0,0,0,0,0,10,0,0,25,10,70,0,0
Summer,CR,2,0,0,0,0.3,0.3,0,0,0,0,0,0,0,0,10,0,0,25,10,70,0,0
Spring,CR,2,0,0,0,0.3,0.3,0,0,0,0,0,0,0,0,10,0,0,25,10,70,0,0
Fall,CR,2,0,0,0,0.3,0.3,0,0,0,0,0,0,0,0,10,0,0,25,10,70,0,0
Winter,CR,3,0,0,0,4.95,4.95,0,0,0,0,0,0,0,0,0,0,0,0,0,5,60,35
Summer,CR,3,0,0,0,4.95,4.95,0,0,0,0,0,0,0,0,0,0,0,0,0,5,60,35
Spring,CR,3,0,0,0,4.95,4.95,0,0,0,0,0,0,0,0,0,0,0,0,0,5,60,35
Fall,CR,3,0,0,0,4.95,4.95,0,0,0,0,0,0,0,0,0,0,0,0,0,5,60,35
Winter,CR,4,0,0,0,0.55,0.55,0,0,0,0,0,0,0,0,0,0,0,0,0,50,0,50
Summer,CR,4,0,0,0,0.55,0.55,0,0,0,0,0,0,0,0,0,0,0,0,0,50,0,50
Spring,CR,4,0,0,0,0.55,0.55,0,0,0,0,0,0,0,0,0,0,0,0,0,50,0,50
Fall,CR,4,0,0,0,0.55,0.55,0,0,0,0,0,0,0,0,0,0,0,0,0,50,0,50
Winter,CR,5,0,0,0.2,0.45,0.25,0,0,0,0,0,0,0,0,0,0,0,0,0,20,0,50
Summer,CR,5,0,0,0.2,0.45,0.25,0,0,0,0,0,0,0,0,0,0,0,0,0,20,0,50
Spring,CR,5,0,0,0.2,0.45,0.25,0,0,0,0,0,0,0,0,0,0,0,0,0,20,0,50
Fall,CR,5,0,0,0.2,0.45,0.25,0,0,0,0,0,0,0,0,0,0,0,0,0,20,0,50
Winter,DP,1,0,0,0,0.975,0.975,0,0,0,0,0,0,0,0,0,0,0,0,2,0,95,3
Summer,DP,1,0,0,0,0.975,0.975,0,0,0,0,0,0,0,0,0,0,0,0,2,0,95,3
Spring,DP,1,0,0,0,0.975,0.975,0,0,0,0,0,0,0,0,0,0,0,0,2,0,95,3
Fall,DP,1,0,0,0,0.975,0.975,0,0,0,0,0,0,0,0,0,0,0,0,2,0,95,3
Winter,DP,2,0,0,2.6,3,0.4,0,0,0,0,0,0,0,0,0,0,0,0,0,10,75,20
Summer,DP,2,0,0,2.6,3,0.4,0,0,0,0,0,0,0,0,0,0,0,0,0,10,75,20
Spring,DP,2,0,0,2.6,3,0.4,0,0,0,0,0,0,0,0,0,0,0,0,0,10,75,20
Fall,DP,2,0,0,2.6,3,0.4,0,0,0,0,0,0,0,0,0,0,0,0,0,10,75,20
Winter,DP,3,0,0,5.8,7.6,1.8,0,0,0,0,0,0,0,0,0,0,0,0,0,0,100,0
Summer,DP,3,0,0,5.8,7.6,1.8,0,0,0,0,0,0,0,0,0,0,0,0,0,0,100,0
Spring,DP,3,0,0,5.8,7.6,1.8,0,0,0,0,0,0,0,0,0,0,0,0,0,0,100,0
Fall,DP,3,0,0,5.8,7.6,1.8,0,0,0,0,0,0,0,0,0,0,0,0,0,0,100,0
Winter,DP,4,0,0,0,1,1,0,0,0,0,0,0,0,0,0,0,0,0,0,2,95,5
Summer,DP,4,0,0,0,1,1,0,0,0,0,0,0,0,0,0,0,0,0,0,2,95,5
Spring,DP,4,0,0,0,1,1,0,0,0,0,0,0,0,0,0,0,0,0,0,2,95,5
Fall,DP,4,0,0,0,1,1,0,0,0,0,0,0,0,2,0,0,0,0,0,2,95,5
Winter,DP,5,0,0,0,1,1,0,0,0,0,0,0,0,0,0,0,0,0,0,10,75,20
Summer,DP,5,0,0,0,1,1,0,0,0,0,0,0,0,0,0,0,0,0,0,0,95,5
Spring,DP,5,0,0,0,1,1,0,0,0,0,0,0,1,0,0,0,0,0,0,10,75,20
Fall,DP,5,0,0,0,1,1,0,0,0,0,0,0,0,0,0,0,0,0,0,10,75,20
Winter,HP,1,0,0,0,0.4,0.4,0,0,0,0,0,0,0,0,0,0,0,0,10,0,90,0
Summer,HP,1,0,0,0,0.4,0.4,0,0,0,0,0,0,0,0,0,0,0,0,10,0,90,0
Spring,HP,1,0,0,0,0.4,0.4,0,0,0,0,0,0,0,0,0,0,0,0,10,0,90,0
Fall,HP,1,0,0,0,0.4,0.4,0,0,0,0,0,0,0,0,0,0,0,0,10,0,90,0
Winter,HP,2,0,0,0.4,5.6,5.2,0,0,0,0,0,0,0,0,0,0,0,0,0,0,70,25
Summer,HP,2,0,0,0.4,5.6,5.2,0,0,0,0,0,0,0,2,0,0,0,0,0,0,70,25
Spring,HP,2,0,0,0.4,5.6,5.2,0,0,3,3,0,0,0,0,0,0,0,0,0,0,70,25
Fall,HP,2,0,0,0.4,5.6,5.2,0,0,0,0,0,0,0,0,0,0,0,0,0,0,70,25
Winter,HP,3,0,0,0,5.3,5.3,0,1,0,1,0,0,0,0,0,0,0,0,0,0,10,0
Summer,HP,3,0,0,0,5.3,5.3,0,0,0,0,0,0,0,3,0,0,0,0,0,0,10,0
Spring,HP,3,0,0,0,5.3,5.3,0,0,0,0,1,0,0,0,0,0,0,0,0,0,10,0
Fall,HP,3,0,0,0,5.3,5.3,0,0,0,0,0,0,0,0,0,0,0,0,0,0,10,0
Winter,HP,4,0,0,0.1,5.6,5.5,0,0,1,1,0,0,0,0,0,0,0,0,0,0,0,0
Summer,HP,4,0,0,0.1,5.6,5.5,0,0,1,1,0,0,1,7,0,0,0,0,0,0,0,0
Spring,HP,4,0,0,0.1,5.6,5.5,0,1,0,1,0,0,0,2,0,0,0,0,0,0,0,0
Fall,HP,4,0,0,0.1,5.6,5.5,0,0,0,0,0,0,0,0,0,0,0,0,0,0,0,0
Winter,HP,5,0,0,0,6,6,0,0,0,0,0,0,0,0,0,0,0,0,0,0,100,0
Summer,HP,5,0,0,0,6,6,0,0,0,0,0,0,2,13,0,0,0,0,0,0,100,0
Spring,HP,5,0,0,0,6,6,0,0,0,0,0,0,0,0,0,0,0,0,0,0,100,0
Fall,HP,5,0,0,0,6,6,0,0,0,0,0,0,0,0,0,0,0,0,0,0,100,0
Winter,LC,1,0,0,0,0.5,0.5,0,0,1,1,0,0,0,0,0,0,0,0,0,0,100,0
Summer,LC,1,0,0,0,0.5,0.5,0,1,0,1,0,0,0,0,0,0,0,0,0,0,100,0
Spring,LC,1,0,0,0,0.5,0.5,0,1,0,1,0,0,0,0,0,0,0,0,0,0,100,0
Fall,LC,1,0,0,0,0.5,0.5,0,0,0,0,0,0,0,0,0,0,0,0,0,0,100,0
Winter,LC,2,0,0,0,0.35,0.35,0,0,0,0,0,0,0,0,0,0,0,0,0,0,95,5
Summer,LC,2,0,0,0,0.35,0.35,0,0,0,0,0,0,0,0,0,0,0,0,0,0,95,5
Spring,LC,2,0,0,0,0.35,0.35,0,1,0,1,0,0,0,0,0,0,0,0,0,0,95,5
Fall,LC,2,0,0,0,0.35,0.35,0,0,0,0,0,0,0,0,0,0,0,0,0,0,95,5
Winter,LC,3,0,0,0,0.3,0.3,0,0,0,0,0,0,0,0,0,0,0,0,0,0,80,20
Summer,LC,3,0,0,0,0.3,0.3,0,0,0,0,0,0,0,0,0,0,0,0,0,0,80,20
Spring,LC,3,0,0,0,0.3,0.3,0,1,0,1,0,0,0,0,0,0,0,0,0,0,80,20
Fall,LC,3,0,0,0,0.3,0.3,0,0,0,0,0,0,0,0,0,0,0,0,0,0,80,20
Winter,LC,4,0,0,0,0.3,0.3,0,0,0,0,0,0,0,0,0,0,0,0,0,0,100,0
Summer,LC,4,0,0,0,0.3,0.3,0,0,0,0,0,0,0,0,0,0,0,0,0,0,100,0
Spring,LC,4,0,0,0,0.3,0.3,0,0,0,0,0,0,0,0,0,0,0,0,0,0,100,0
Fall,LC,4,0,0,0,0.3,0.3,0,0,0,0,0,0,0,0,0,0,0,0,0,0,100,0
Winter,LC,5,0,0,0,0.4,0.4,0,0,0,0,0,0,0,0,0,0,0,0,0,0,100,0
Summer,LC,5,0,0,0,0.4,0.4,0,0,0,0,0,0,0,0,0,0,0,0,0,0,100,0
Spring,LC,5,0,0,0,0.4,0.4,0,0,0,0,0,0,0,0,0,0,0,0,0,0,100,0
Fall,LC,5,0,0,0,0.4,0.4,0,0,0,0,0,0,0,0,0,0,0,0,0,0,100,0
Winter,SC,1,0,0,0,0.35,0.35,0,0,0,0,0,0,0,0,0,0,0,0,0,0,100,0
Summer,SC,1,0,0,0,0.35,0.35,0,0,0,0,0,0,0,0,0,0,0,0,0,0,100,0
Spring,SC,1,0,0,0,0.35,0.35,0,0,0,0,0,0,0,0,0,0,0,0,0,0,100,0
Fall,SC,1,0,0,0,0.35,0.35,0,0,0,0,0,0,0,0,0,0,0,0,0,0,100,0
Winter,SC,2,0,0,0,0.3,0.3,0,0,0,0,0,0,0,0,0,0,0,0,0,0,80,20
Summer,SC,2,0,0,0,0.3,0.3,0,0,0,0,0,0,0,0,0,0,0,0,0,0,80,20
Spring,SC,2,0,0,0,0.3,0.3,0,0,0,0,0,0,0,0,0,0,0,0,0,0,80,20
Fall,SC,2,0,0,0,0.3,0.3,0,0,0,0,0,0,0,0,0,0,0,0,0,0,80,20
Winter,SC,3,0,0,0.3,0.6,0.3,0,2,0,2,0,0,0,0,0,0,0,0,0,0,100,0
Summer,SC,3,0,0,0.3,0.6,0.3,0,0,1,1,0,0,0,0,0,0,0,0,0,0,100,0
Spring,SC,3,0,0,0.3,0.6,0.3,0,1,0,1,0,0,0,0,0,0,0,0,0,0,100,0
Fall,SC,3,0,0,0.3,0.6,0.3,0,0,0,0,0,0,0,0,0,0,0,0,0,0,100,0
Winter,SC,4,0,0,0.2,0.45,0.25,0,0,0,0,0,0,0,0,0,0,0,0,0,0,100,0
Summer,SC,4,0,0,0.2,0.45,0.25,0,0,0,0,0,0,0,0,0,0,0,0,0,0,100,0
Spring,SC,4,0,0,0.2,0.45,0.25,0,0,0,0,0,0,0,0,0,0,0,0,0,0,100,0
Fall,SC,4,0,0,0.2,0.45,0.25,0,0,0,0,0,0,0,0,0,0,0,0,0,0,100,0
Winter,SC,5,0,0,0.2,1.3,1.1,0,0,0,0,0,0,0,0,0,0,10,0,0,1,100,0
Summer,SC,5,0,0,0.2,1.3,1.1,0,0,0,0,0,0,0,0,0,0,10,0,0,1,100,0
Spring,SC,5,0,0,0.2,1.3,1.1,0,0,0,0,0,0,0,0,0,0,10,0,0,1,100,0
Fall,SC,5,0,0,0.2,1.3,1.1,0,0,0,0,0,0,0,0,0,0,10,0,0,1,100,0
Winter,SH,1,0,0,x,x,0.8,0,0,0,0,0,0,0,0,0,0,2,0,3,0,95,3
Summer,SH,1,0,0,x,x,0.8,0,0,0,0,0,0,0,0,0,0,2,0,3,0,95,3
Spring,SH,1,0,0,x,x,0.8,0,0,0,0,0,0,0,0,0,0,2,0,3,0,95,3
Fall,SH,1,0,0,x,x,0.8,0,0,0,0,0,0,0,0,0,0,2,0,3,0,95,3
Winter,SH,2,0,0,x,x,1.1,0,0,0,0,0,0,0,0,1,0,0,0,8,0,90,5
Summer,SH,2,0,0,x,x,1.1,0,0,0,0,0,0,0,0,1,0,0,0,8,0,90,5
Spring,SH,2,0,0,x,x,1.1,0,0,0,0,0,0,0,0,1,0,0,0,8,0,90,5
Fall,SH,2,0,0,x,x,1.1,0,0,0,0,0,0,0,0,1,0,0,0,8,0,90,5
Winter,SH,3,0,0,x,x,1.1,0,0,0,0,0,0,0,0,0,0,0,0,0,0,100,0
Summer,SH,3,0,0,x,x,1.1,0,0,0,0,0,0,0,0,0,0,0,0,0,0,100,0
Spring,SH,3,0,0,x,x,1.1,0,0,0,0,0,0,0,0,0,0,0,0,0,0,100,0
Fall,SH,3,0,0,x,x,1.1,0,0,0,0,0,0,0,0,0,0,0,0,0,0,100,0
Winter,SH,4,0,0,x,x,1.85,0,0,0,0,0,0,0,0,0,0,0,0,0,0,100,0
Summer,SH,4,0,0,x,x,1.85,0,0,0,0,0,1,0,0,0,0,0,0,0,0,100,0
Spring,SH,4,0,0,x,x,1.85,0,0,0,0,0,0,0,0,0,0,0,0,0,0,100,0
Fall,SH,4,0,0,x,x,1.85,0,0,0,0,0,0,0,0,0,0,0,0,0,0,100,0
Winter,SH,5,0,0,x,x,0.8,0,0,0,0,0,0,0,0,0,0,0,0,0,0,100,0
Summer,SH,5,0,0,x,x,0.8,0,0,0,0,0,0,0,1,0,0,0,0,0,0,100,0
Spring,SH,5,0,0,x,x,0.8,0,0,0,0,0,0,0,0,0,0,0,0,0,0,100,0
Fall,SH,5,0,0,x,x,0.8,0,0,0,0,0,0,0,0,0,0,0,0,0,0,100,0
Winter,SR,1,0,0,0,0.4,0.4,0,0,0,0,0,0,0,0,0,0,0,0,0,0,100,2
Summer,SR,1,0,0,0,0.4,0.4,0,0,0,0,0,0,0,0,0,0,0,0,0,0,100,2
Spring,SR,1,0,0,0,0.4,0.4,0,0,0,0,0,0,0,0,0,0,0,0,0,0,100,2
Fall,SR,1,0,0,0,0.4,0.4,0,0,0,0,0,0,0,0,0,0,0,0,0,0,100,2
Winter,SR,2,0,0,0.3,0.6,0.3,0,0,0,0,0,0,0,0,0,0,0,0,0,0,80,15
Summer,SR,2,0,0,0.3,0.6,0.3,0,0,0,0,0,0,0,0,0,0,0,0,0,0,80,15
Spring,SR,2,0,0,0.3,0.6,0.3,0,0,0,0,0,0,0,0,0,0,0,0,0,0,80,15
Fall,SR,2,0,0,0.3,0.6,0.3,0,0,0,0,0,0,0,0,0,0,0,0,0,0,80,15
Winter,SR,3,0,0,0.2,1.6,1.4,0,0,0,0,0,0,0,0,0,0,0,0,0,0,100,0
Summer,SR,3,0,0,0.2,1.6,1.4,0,0,0,0,0,0,0,0,0,0,0,0,0,0,100,0
Spring,SR,3,0,0,0.2,1.6,1.4,0,0,0,0,0,0,0,0,0,0,0,0,0,0,100,0
Fall,SR,3,0,0,0.2,1.6,1.4,0,0,0,0,0,0,0,0,0,0,0,0,0,0,100,0
Winter,SR,4,0,0,0,6,6,0,0,0,0,0,0,0,0,0,0,0,0,0,0,90,5
Summer,SR,4,0,0,0,6,6,0,0,0,0,0,0,0,0,0,0,0,0,0,0,90,5
Spring,SR,4,0,0,0,6,6,0,0,0,0,1,0,0,0,0,0,0,0,0,0,90,5
Fall,SR,4,0,0,0,6,6,0,0,0,0,0,0,0,0,0,0,0,0,0,0,90,5
Winter,SR,5,0,0,0.6,1.2,0.6,0,0,0,0,0,0,0,0,0,0,0,0,0,0,100,0
Summer,SR,5,0,0,0.6,1.2,0.6,0,0,0,0,0,0,0,0,0,0,0,0,0,0,100,0
Spring,SR,5,0,0,0.6,1.2,0.6,0,0,0,0,0,0,0,0,0,0,0,0,0,0,100,0
Fall,SR,5,0,0,0.6,1.2,0.6,0,0,0,0,0,0,0,0,0,0,0,0,0,0,100,0
Winter,TI,1,0,0,0.1,0.4,0.3,0,0,0,0,0,0,0,0,100,0,0,0,0,0,100,0
Summer,TI,1,0,0,0.1,0.4,0.3,0,0,0,0,0,0,0,0,100,0,0,0,0,0,100,0
Spring,TI,1,0,0,0.1,0.4,0.3,0,0,0,0,0,0,0,0,100,0,0,0,0,0,100,0
Fall,TI,1,0,0,0.1,0.4,0.3,0,0,0,0,0,0,0,0,100,0,0,0,0,0,100,0
Winter,TI,2,0,0,0,0.3,0.3,0,0,0,0,0,0,0,0,100,0,0,0,0,0,100,0
Summer,TI,2,0,0,0,0.3,0.3,0,0,0,0,0,0,0,0,100,0,0,0,0,0,100,0
Spring,TI,2,0,0,0,0.3,0.3,0,0,0,0,0,0,0,0,100,0,0,0,0,0,100,0
Fall,TI,2,0,0,0,0.3,0.3,0,0,0,0,0,0,0,0,100,0,0,0,0,0,100,0
Winter,TI,3,0,0,0.1,0.5,0.4,0,0,0,0,0,0,0,0,25,0,2,5,0,0,90,0
Summer,TI,3,0,0,0.1,0.5,0.4,0,0,0,0,0,0,0,0,25,0,2,5,0,0,90,0
Spring,TI,3,0,0,0.1,0.5,0.4,0,0,0,0,0,0,0,0,25,0,2,5,0,0,90,0
Fall,TI,3,0,0,0.1,0.5,0.4,0,0,0,0,0,0,0,0,25,0,2,5,0,0,90,0
Winter,TI,4,0,0,0.2,0.6,0.4,0,0,0,0,0,0,0,0,2,0,0,0,0,0,95,0
Summer,TI,4,0,0,0.2,0.6,0.4,0,0,0,0,0,0,0,0,2,0,0,0,0,0,95,0
Spring,TI,4,0,0,0.2,0.6,0.4,0,0,0,0,0,0,0,0,2,0,0,0,0,0,95,0
Fall,TI,4,0,0,0.2,0.6,0.4,0,0,0,0,0,0,0,0,2,0,0,0,0,0,95,0
Winter,TI,5,0,0,0,0.4,0.4,0,0,0,0,0,0,0,0,50,0,25,0,0,0,90,0
Summer,TI,5,0,0,0,0.4,0.4,0,0,0,0,0,0,0,0,50,0,25,0,0,0,90,0
Spring,TI,5,0,0,0,0.4,0.4,0,0,0,0,0,0,0,0,50,0,25,0,0,0,90,0
Fall,TI,5,0,0,0,0.4,0.4,0,0,0,0,0,0,0,0,50,0,25,0,0,0,90,0
Winter,TS,1,0,0,0.2,0.5,0.3,0,0,0,0,0,0,0,0,10,0,0,0,0,0,45,30
Summer,TS,1,0,0,0.2,0.5,0.3,0,0,0,0,0,0,0,0,10,0,0,0,0,0,45,30
Spring,TS,1,0,0,0.2,0.5,0.3,0,0,0,0,0,0,0,0,10,0,0,0,0,0,45,30
Fall,TS,1,0,0,0.2,0.5,0.3,0,0,0,0,0,0,0,0,10,0,0,0,0,0,45,30
Winter,TS,2,0,0,0,0.5,0.5,0,0,0,0,0,0,0,0,0,0,0,0,0,0,100,0
Summer,TS,2,0,0,0,0.5,0.5,0,0,0,0,0,0,0,0,0,0,0,0,0,0,100,0
Spring,TS,2,0,0,0,0.5,0.5,0,0,0,0,0,0,0,0,0,0,0,0,0,0,100,0
Fall,TS,2,0,0,0,0.5,0.5,0,0,0,0,0,0,0,0,0,0,0,0,0,0,100,0
Winter,TS,3,0,0,0,0.4,0.4,0,0,0,0,0,0,0,0,0,0,0,0,0,0,100,0
Summer,TS,3,0,0,0,0.4,0.4,0,0,0,0,0,0,0,0,0,0,0,0,0,0,100,0
Spring,TS,3,0,0,0,0.4,0.4,0,0,0,0,0,0,0,0,0,0,0,0,0,0,100,0
Fall,TS,3,0,0,0,0.4,0.4,0,0,0,0,0,0,0,0,0,0,0,0,0,0,100,0
Winter,TS,4,0,0,0,0.4,0.4,0,0,0,0,0,0,0,0,0,0,0,0,0,0,100,0
Summer,TS,4,0,0,0,0.4,0.4,0,0,0,0,0,0,0,0,0,0,0,0,0,0,100,0
Spring,TS,4,0,0,0,0.4,0.4,0,0,0,0,0,0,0,0,0,0,0,0,0,0,100,0
Fall,TS,4,0,0,0,0.4,0.4,0,0,0,0,0,0,0,0,0,0,0,0,0,0,100,0
Winter,TS,5,0,0,0,0.8,0.8,0,0,0,0,0,0,0,0,70,0,0,0,0,0,20,30
Summer,TS,5,0,0,0,0.8,0.8,0,0,0,0,0,0,0,0,70,0,0,0,0,0,20,30
Spring,TS,5,0,0,0,0.8,0.8,0,0,0,0,0,0,0,0,70,0,0,0,0,0,20,30
Fall,TS,5,0,0,0,0.8,0.8,0,0,0,0,0,0,0,0,70,0,0,0,0,0,20,30